pitcher,pitch_type,t_start,t_end,n_samples,pointer_peak_N,pointer_F_rel_N,pointer_t_rel,pointer_impulse_Ns,pointer_RFD_Ns,middle_peak_N,middle_F_rel_N,middle_t_rel,middle_impulse_Ns,middle_RFD_Ns,thumb_peak_N,thumb_F_rel_N,thumb_t_rel,thumb_impulse_Ns,thumb_RFD_Ns,thumb_lead_ms,pointer_middle_gap_ms,total_peak_N,CV_peak,pointer_share,middle_share,thumb_share,finger_peak_N,finger_F_rel_N,finger_impulse_Ns,finger_RFD_Ns,thumb_finger_ratio,velo_mph,spin_rpm,hz_break,ivb,effort_pct,raw_tag,effort_source,warmup,paired,analyzable
P1,fastball,233630.653,233770.799,69,17.6148023549201,12.411818350985389,233770.799,1.6057247508146753,541970.2815110249,14.899482429855626,11.743150580088077,233770.799,1.007635632931863,635.8643369144256,15.667296786389414,10.740804417226457,233756.38,1.316803046066645,495020.494702631,14.418999999994412,0.0,48.18158157116514,0.08715274103386253,0.36559203289959863,0.30923605958946776,0.3251719075109336,32.514284784775725,24.154968931073466,2.6133603837465382,542606.1458479393,0.4818588780315219,73.8,,,,100.0,73.8,default_max,False,True,True
P1,fastball,271139.974,271279.673,68,18.075949367088608,10.90793303267811,271279.673,1.4305168095429783,1428.6006865889,14.586572438162545,10.195298248138894,271279.673,0.9961842710435425,759.1316625321111,18.912696226934727,10.291825507506033,271265.615,1.3890527184699337,999.808772019737,14.058000000019092,0.0,51.57521803218588,0.13347130869266838,0.35047742029530893,0.28282134317027396,0.36670123653441705,32.66252180525115,21.103231280817006,2.426701080586521,2187.7323491210113,0.5790335583915058,79.1,,,,100.0,79.1,default_max,False,True,True
P1,fastball,322144.317,322366.28,106,21.88031222896791,17.39959375420137,322366.28,2.039201706768925,920464.4495756635,10.602272727272727,7.120640970438342,322366.28,0.6443785716818747,442942.16419535107,30.095797825448134,17.760841178909597,322354.295,3.3377247380916732,823905.233471764,11.985000000044238,0.0,62.578382781688774,0.4691768387613503,0.34964649542478055,0.1694238849901229,0.4809296195850965,32.482584956240636,24.52023472463971,2.6835802784508,1363406.6137710146,0.926521022449171,77.0,,18.9,7.0,100.0,77.0 hz18.9 ivb7.0,default_max,False,True,True
P1,fastball,381407.745,381893.081,140,23.52851711026616,16.914653703553647,381893.081,2.367019792148974,1715.2850080529279,11.792910447761194,9.845146488933288,381890.998,1.3112597748970958,682.9847634868186,15.755741691434748,14.086034305404558,381880.583,2.17843735572421,3203.8157787837476,10.415000000037253,-2.0829999999841675,51.0771692494621,0.35064518948525913,0.4606464582121286,0.23088418213163578,0.30846935965623573,35.32142755802735,26.759800192486935,3.6782795670460695,2398.269771539746,0.44606752276789013,78.0,,,,100.0,78.0,default_max,False,True,True
P1,fastball,431314.416,431826.778,171,21.2720207253886,16.99878894445389,431826.778,2.217316406948707,297974.5977700007,13.348423605497171,11.413310522351567,431824.695,1.3041102314453015,159489.34837352356,20.35,11.125719644379902,431817.565,2.796421693760668,232944.82540516456,7.130000000004657,-2.0829999999841675,54.970444330885776,0.23647909066407374,0.38697196255764427,0.24282910149222145,0.3701989359501342,34.620444330885775,28.412099466805458,3.5214266383940087,457463.94614352426,0.5878029699880325,78.3,,,,100.0,78.3,default_max,False,True,True
P1,fastball,502257.159,502738.331,140,19.952095808383234,14.850150406605769,502738.331,2.1892348325890687,549454.2957216123,13.233441033925686,10.074013857226664,502736.247,1.3255334514221122,286236.4025628126,22.528981429375353,16.591166395485008,502725.825,2.417482831025232,286140.78846962715,10.421999999962281,-2.084000000031665,55.71451827168427,0.25841159423738636,0.35811304534824395,0.23752230916535275,0.4043646454864034,33.18553684230892,24.92416426383243,3.514768284011181,835690.6982844248,0.6788795232220771,,,,,,,,False,False,False
P1,fastball,599895.702,600417.195,164,24.705396638159836,20.964576992599536,600417.195,2.5169766360641628,118193.87316778612,9.613224875360798,5.115810448904996,600417.195,1.0277640224185052,128378.90800197338,29.46998535871157,18.960653357569715,600399.255,3.627512747019956,267352.55147671397,17.93999999994412,0.0,63.7886068722322,0.4875324634825443,0.38730108477904907,0.1507044180258705,0.46199449719508046,34.31862151352063,26.08038744150453,3.544740658482668,246572.78116975952,0.8587170480347286,79.3,,,,100.0,79.3,default_max,False,True,True
P1,fastball,659507.704,660008.857,144,18.695676744843176,17.2174128962794,660008.857,1.6939844729854558,59242.725025844695,10.014473684210527,7.008329704941601,660008.857,1.0583204320035373,258028.48282772696,25.110539845758353,16.23023856686736,659996.5,2.967271258737439,315065.10272455856,12.356999999959953,0.0,53.82069027481206,0.4223097130537199,0.3473696946171035,0.1860710747683828,0.4665592306145137,28.710150429053705,24.225742601221,2.752304904988993,317271.2078535716,0.8746223711996762,81.5,,,,100.0,81.5,default_max,False,True,True
P1,curveball,719443.233,720070.217,194,8.766683911019141,5.939385508549283,720070.217,1.0566991597635569,109518.69751188798,27.269131556319863,19.455762292526938,720070.217,2.639359389887847,79250.97913028186,4.775717551435103,1.821957405712645,720063.973,0.9261111652863103,89591.53696601397,6.243999999947846,0.0,40.81153301877411,0.8822169417388871,0.21480898321036593,0.6681721939672182,0.1170188228224159,36.035815467339006,25.39514780107622,3.6960585496514042,188769.67664216983,0.1325269732209492,68.9,,,,100.0,68.9,default_max,False,True,True
P1,curveball,786810.751,787348.503,135,16.24390243902439,11.79133300112317,787348.503,1.6553282697030618,661372.7815070717,28.011510791366906,24.6747619888359,787342.812,2.5309618029368357,1159299.8380666703,3.7777777777777777,2.6642240364641205,787340.728,0.5815528626768379,270244.68559879885,2.084000000031665,-5.690999999991618,48.03319100816907,0.7568856438716814,0.33818078911854443,0.5831698915569226,0.07864931932453303,44.2554132303913,36.466094989959075,4.186290072639897,1820672.6195737422,0.08536306639169473,70.3,,,,100.0,70.3,default_max,False,True,True
P1,curveball,854195.242,854779.918,217,21.71716605992719,10.693933904079971,854779.918,1.9694724810751885,507408.1880917355,30.329545454545453,24.391213354626554,854777.835,2.8578290552564165,586463.3289599795,8.067796610169491,6.2931855324093515,854772.004,1.3344943870710335,270378.9336227549,5.831000000005588,-2.0829999999841675,60.114508124642136,0.5602031695488117,0.36126330793389444,0.5045295453746342,0.13420714669147132,52.04671151447265,35.08514725870653,4.827301536331605,1093871.517051715,0.15501068896401027,73.9,,,,100.0,73.9,default_max,False,True,True
P1,curveball,899814.707,900287.853,111,21.007250418293363,9.620842644274974,900287.853,1.7812012484407116,1560.7311541668098,14.444,13.06045675425682,900280.966,1.5317786500362105,39595.99168209029,2.340886454183267,1.4462377022172141,900280.966,0.462918105595133,1281.7202064467306,0.0,-6.886999999987893,37.79213687247663,0.7516803588440323,0.5558629957649361,0.3821959062208869,0.06194109801417698,35.45125041829336,22.681299398531795,3.312979898476922,41156.7228362571,0.06603113928459164,71.9,,-11.6,0.0,100.0,71.9 -11.6hz 0ivb,default_max,False,True,True
P1,curveball,967828.483,968351.312,158,12.71599045346062,10.140936264664662,968351.312,1.0667659046638294,36560.04989098023,27.37482076283338,23.331767234340695,968350.651,2.7014674351400263,774529.4703960194,3.469213370193516,1.5445238355371207,968346.484,0.6575241433556441,176942.12307110574,4.166999999899417,-0.6610000000800937,43.560024586487515,0.8301975589845147,0.2919188079936293,0.6284390567429834,0.07964213526338733,40.090811216294,33.472703499005355,3.7682333398038557,811089.5202869996,0.08653387808684533,69.3,,,,100.0,69.3,default_max,False,True,True
P1,curveball,1015791.649,1016318.718,145,19.004684486084322,13.500077117790699,1016318.718,1.9393636157583491,1039141.5829166672,36.41606498194946,25.43285372287314,1016318.718,3.0661673155111515,544021.7766232546,1.3816699604743083,0.5624664166105183,1016314.475,0.236710073761189,147415.49503385392,4.243000000016764,0.0,56.80241942850809,0.9251703125860941,0.3345752641752126,0.6411005965649574,0.02432413925983008,55.42074946803378,38.93293084066384,5.005530931269501,1583163.3595399219,0.024930553515362396,72.1,,,,100.0,72.1,default_max,False,True,True
P1,curveball,1061444.786,1061966.508,141,19.512437810945272,15.283296629348104,1061966.508,2.0862851066940364,409730.0584283213,12.455719557195572,10.442616598017068,1061964.424,1.280116428044495,2493799.385336498,2.220149253731343,0.4570398632078627,1061960.951,0.5846958774691416,270110.60040932987,3.473000000230968,-2.0839999997988343,34.18830662187219,0.7629543220802584,0.5707342579659113,0.3643268938399817,0.06493884819410706,31.968157368140844,25.725913227365172,3.3664015347385314,2903529.4437648193,0.06944877141852168,66.5,,,,100.0,66.5,default_max,False,True,True
P1,curveball,1108837.069,1109435.855,205,21.859865470852018,10.18926957797926,1109435.855,2.026362443325072,897.5922029335452,29.94824076766502,23.1853367381654,1109435.855,2.9490217145259106,1263.4161469739227,7.704368174726989,5.45952657229502,1109427.308,1.2142905783971574,5452.606915545721,8.547000000020489,0.0,59.51247441324403,0.5675614197297449,0.3673156877843963,0.5032262742044595,0.12945803801114414,51.80810623851704,33.374606316144664,4.975384157850982,2161.008349907468,0.14870970460215607,70.6,,,,100.0,70.6,default_max,False,True,True
P1,fastball,1134393.897,1134561.839,70,19.517623649801024,3.7317229531460794,1134561.839,1.3080459730864653,1110.6620951984603,5.31350114416476,2.220237889572248,1134561.839,0.395924318943572,357.9832605953316,16.24390243902439,1.8739191336097771,1134545.188,1.2138341486068145,739.3601532985656,16.65099999983795,0.0,41.07502723299017,0.5432538467361071,0.4751700720511046,0.1293608672253569,0.3954690607235385,24.831124793965785,5.951960842718327,1.7039702920300372,1468.6453557937919,0.6541750554518506,72.6,,,,80.0,72.6,state_marker,False,True,True
P1,fastball,1144477.792,1144604.829,57,17.461775413049565,8.723116803747786,1144604.829,1.215317947599156,671.2477647621604,13.46359223300971,8.353101936697785,1144604.829,0.8928110348588909,37216.63747178549,17.680699835975943,8.433301547606224,1144588.6,1.0485332390749995,810834.3096866615,16.22899999981746,0.0,48.606067482035215,0.14652954716117086,0.3592509395972721,0.27699406535996457,0.36375499504276343,30.925367646059275,17.07621874044557,2.108128982458047,37887.885236547656,0.571721572992486,73.5,,,,80.0,73.5,state_marker,False,True,True
P1,fastball,1151998.023,1152642.811,293,28.802547770700638,4.189489748309465,1152642.811,2.4401081210962756,5820.597928894068,7.605896043444531,1.8213108630050914,1152640.725,1.5700441787578805,3238.14532504219,26.305435720448664,2.7237154845651,1152624.737,3.9998653996262736,5755.022214617096,15.988000000128523,-2.0859999998938292,62.713879534593836,0.5541605049895707,0.4592691121079945,0.12127931009672292,0.4194515777952825,36.40844381414517,6.010800611314556,4.010152299854156,9058.743253936258,0.7225092029401335,74.4,,,,80.0,74.4,state_marker,False,True,True
P1,fastball,1161258.834,1161420.589,70,17.998875456845656,14.675546222969695,1161420.589,1.4358500127839475,37110.295104487166,8.88958496476116,5.944620342988554,1161420.589,0.578335877349996,20743.328172254434,25.507014028056112,11.750899541781372,1161412.254,2.2986737521126828,28717.3675316697,8.334999999962747,0.0,52.39547444966293,0.4764663994153503,0.343519657869258,0.16966322107268078,0.48681712105806124,26.888460421606815,20.62016656595825,2.014185890133944,57853.6232767416,0.9486230757771237,73.1,,,,80.0,73.1,state_marker,False,True,True
P1,fastball,1184230.444,1184371.725,67,15.206830074359681,9.975221072198424,1184371.725,1.2095725120983398,18098.417375719557,5.381836682777919,3.7710842089645573,1184369.644,0.31728576558007215,4090.6848086010364,17.862068965517242,8.857404026851777,1184355.077,1.2760408373520191,1448.416181959638,14.567000000039116,-2.081000000005588,38.45073572265484,0.5129478401654926,0.39548866331314303,0.1399670664716823,0.46454427021517475,20.588666757137602,13.746305281162982,1.526858277678412,22189.102184320593,0.8675680254684236,66.7,,,,60.0,66.7,state_marker,False,True,True
P1,fastball,1194343.21,1194499.094,73,15.689054726368159,8.243834217956225,1194499.094,1.2011462159451323,494.93971946433965,7.0430079835178985,3.7684756256445646,1194499.094,0.38420202000867437,5902.281723957365,21.764705882352942,11.743057760438424,1194478.269,1.470705685328312,550.0912688956208,20.824999999953434,0.0,44.496768592239,0.49878814055316034,0.352588631101284,0.15828133606866723,0.4891300328300487,22.73206270988606,12.01230984360079,1.5853482359538067,6397.221443421705,0.9574452683912218,68.3,,,,60.0,68.3,state_marker,False,True,True
P1,fastball,1201783.565,1201952.791,74,18.423857868020306,5.632839117769367,1201952.791,1.2113429281494148,2972.658518889316,5.040852575488454,1.8377315930095046,1201950.714,0.3692567656984166,2975.326456627568,14.831810854379366,1.563212623065262,1201936.142,1.1909592032619165,4730.010577047036,14.571999999927357,-2.0770000000484288,38.29652129788813,0.5426063622353131,0.4810843712072693,0.1316269051248379,0.3872887236678928,23.46471044350876,7.470570710778872,1.5805996938478315,5947.984975516883,0.6320900865189416,67.5,,,,60.0,67.5,state_marker,False,True,True
P1,fastball,1209571.19,1209687.37,58,15.763550884955752,10.237550949139713,1209687.37,0.8215397787337918,5342.189255382407,7.078052550231839,3.2428433853427268,1209687.37,0.3941134775355009,4276.448716561585,12.375760783275998,7.863144163967221,1209671.341,0.7025045740205234,3450.7152659996887,16.029000000096858,0.0,35.21736421846359,0.3729076427501236,0.44760734469422087,0.20098189365690783,0.35141076164887136,22.84160343518759,13.48039433448244,1.2156532562692928,9618.637971943992,0.5418078822002086,69.0,,,,60.0,69.0,state_marker,False,True,True
P2,fastball,2728194.919,2728773.853,169,20.98994541798334,12.85622227048265,2728773.853,2.363192338374603,894642.207623117,24.651832460732983,22.59504776326301,2728773.853,2.0839002220608114,698196.6360847438,17.229007633587788,8.87732308755476,2728755.144,2.3849930963547097,130368.28354042441,18.709000000264496,0.0,62.87078551230411,0.177102410606939,0.3338584884369785,0.39210314074902886,0.2740383708139926,45.641777878716326,35.45127003374566,4.447092560435415,1592838.843707861,0.3774832715625221,77.1,1607.0,,,,warmup77.1+1607,warmup,True,True,False
P2,fastball,2783860.916,2784482.419,215,26.768770565360455,17.247480308598167,2784482.419,3.225802206748003,207298.61534818978,16.04530477759473,14.19148580530749,2784482.419,1.629513374458388,909068.4363786853,27.516941789748046,12.659165292048394,2784464.985,3.54494330738819,833193.6816291749,17.434000000357628,0.0,70.33101713270324,0.27376622007704277,0.38061116782730614,0.22813980846203089,0.3912490237106629,42.814075342955185,31.438966113905657,4.855315581206391,1116367.0517268751,0.6427078377689593,73.5,,,,,warmup73.5,warmup,True,True,False
P2,fastball,2827377.405,2827531.009,72,18.307692307692307,12.124725307061263,2827531.009,1.702992321209999,841.5043919869987,7.429493801652892,4.9075597864376865,2827531.009,0.45094300245805535,517.6967362723444,12.97211155378486,1.9803826131432207,2827516.419,0.9700954146888763,187747.49629119606,14.589999999850988,0.0,38.70929766313006,0.4215597753345701,0.472953357795744,0.1919304727848203,0.3351161694194357,25.7371861093452,17.03228509349895,2.1539353236680543,1359.201128259343,0.5040221374113105,75.4,,,,,warmup75.4,warmup,True,True,False
P2,fastball,2872123.866,2872253.786,63,21.636363636363637,12.752985138655328,2872253.786,1.7193776110193812,1069200.8200069403,6.3458877786318215,4.542187470204452,2872253.786,0.40009699090836975,384947.8138045536,11.868108678448959,7.850122107651231,2872236.357,0.8296199200904911,348270.73016448086,17.429000000003725,0.0,39.85036009344442,0.5828959961697068,0.542940229037552,0.1592429218644815,0.29781684909796635,27.98225141499546,17.29517260885978,2.119474601927751,1454148.6338114939,0.4241298708398044,77.1,,,,,warmup77.1,warmup,True,True,False
P2,fastball,2904731.291,2905268.56,169,18.230357645733598,11.948020045619804,2905268.56,2.172288616037205,333770.1083098897,10.75,7.624262190502108,2905268.56,1.1043571884070649,159724.72917114323,25.556701030927837,19.09011121228005,2905249.821,3.1262351264815122,198263.74134825933,18.739000000059605,0.0,54.53705867666143,0.4072543071204291,0.33427467648773457,0.19711367390996373,0.4686116496023017,28.980357645733598,19.572282236121914,3.2766458044442697,493494.83748103294,0.8818628584002385,76.3,,,,,warmup76.3,warmup,True,True,False
P2,fastball,2945957.898,2946433.367,114,24.24074074074074,15.73067461630664,2946433.367,2.493568366156141,1076043.596220147,8.853601252609604,6.766580433997997,2946433.367,0.8667173912414502,325909.39208957605,23.106719367588934,7.744429594787147,2946423.114,2.471677480000002,464478.5838168135,10.253000000026077,0.0,56.20106136093928,0.45774074682186955,0.4313217607236948,0.15753441373196223,0.411143825544343,33.09434199335034,22.497255050304638,3.3602857573975915,1401952.988309723,0.698207547750361,75.6,,,,,warmup75.6,warmup,True,True,False
P2,fastball,3004096.231,3004638.076,140,23.36196319018405,15.460492148481496,3004638.076,2.2937362733480327,178519.5882787484,10.124308664735317,8.800460995183975,3004635.993,1.0239523171886586,128315.62883480355,26.90909090909091,16.00646262982875,3004623.496,2.9488611346772275,112592.41189083687,12.496999999973923,-2.083000000100583,60.39536276401027,0.43942155016192647,0.38681716809068484,0.16763387454588508,0.44554895736343014,33.486271854919366,24.26095314366547,3.317688590536691,306835.2171135519,0.8035857507720071,76.2,,,,,warmup76.2,warmup,True,True,False
P2,fastball,3483951.334,3484832.442,305,24.325,16.175311792592424,3484832.442,2.554768573307574,532641.0540427914,19.72043918918919,15.293433103457005,3484830.359,2.5255475937099416,381354.3680254122,32.10698365527489,18.875638703895497,3484823.3,5.556590325191424,347556.0262410637,7.059000000357628,-2.0829999996349216,76.15242284446407,0.24664325193591288,0.3194251619502913,0.25896010202415737,0.4216147360255514,44.04543918918919,31.46874489604943,5.080316167017516,913995.4220682036,0.7289513794462389,,,,,,,,False,False,False
P2,fastball,3548947.167,3549429.448,109,19.16416217748795,10.524751484466528,3549429.448,2.328190341859421,353088.8039623359,11.792910447761194,8.92053179003159,3549429.448,1.1469537490947954,260986.4843667819,10.075117370892018,5.519712085979688,3549411.682,1.1178990346097435,37363.233912096395,17.765999999828637,0.0,41.03218999614116,0.35304086534672247,0.46705189704205957,0.28740631316218435,0.24554178979575605,30.957072625249143,19.445283274498117,3.4751440909542164,614075.2883291178,0.3254544605317291,,,,,,,,False,False,False
P2,fastball,3641813.567,3642519.661,276,24.917601890135852,19.826981819542162,3642519.661,3.104484526807775,511829.72104892187,13.81021897810219,10.432862776120468,3642519.661,1.7878388404310954,293391.09999490593,34.8235294117647,18.634136137221414,3642505.815,5.1166034853138544,352635.9554553342,13.845999999903142,0.0,73.55135028000274,0.4287770983713942,0.33877830652023383,0.18776295643150057,0.47345873704826574,38.72782086823804,30.259844595662628,4.892323367238871,805220.8210438278,0.8991863892947466,80.8,,,,100.0,100%80.8,explicit_prefix,False,True,True
P2,fastball,3692192.948,3692695.002,150,25.045226130653266,12.678051080720163,3692695.002,2.7305760198134417,608578.2248079536,16.16488046166529,14.740586135242962,3692692.919,1.5299587912188277,158165.11650194062,21.527272727272727,16.38990203017616,3692680.433,2.7095640373263405,148309.22492145022,12.486000000033528,-2.0829999996349216,62.737379319591284,0.2138429885817457,0.39920740079164063,0.2576594788781273,0.343133120330232,41.21010659231855,27.418637215963123,4.26053481103227,766743.3413098942,0.5223784772079515,82.4,,,,100.0,100%82.4,explicit_prefix,False,True,True
P2,curveball,3742453.921,3743149.438,152,1.1656411518582328,0.9365648878747412,3743149.438,0.17693910218960376,123.04276225341475,4.091205211726384,1.3437190623156985,3743149.438,2.0347242827518803,157.49314511176786,2.1297539149888145,1.8369141492996415,3743149.438,0.7410582272106228,88145.45501525009,0.0,0.0,7.3866002785734315,0.6054934134067698,0.15780482331492185,0.5538684993682257,0.28832667731685246,5.256846363584617,2.28028395019044,2.211663384941484,280.5359073651826,0.4051390829570576,,,,,,,,False,False,False
P2,curveball,3746524.971,3747163.377,230,1.0189328743545611,0.7355069255581557,3747163.377,0.4294404160073448,145845.89947531137,2.0979955456570156,1.5291796279757182,3747163.377,0.9544133572880044,117385.49801130968,2.7349487884086936,1.8369215808222965,3747163.377,1.3071453674822888,131.1014794123121,0.0,0.0,5.85187720842027,0.4447024325754677,0.17412068607461856,0.35851667267354964,0.46736264125183175,3.1169284200115768,2.264686553533874,1.383853773295349,263231.39748662105,0.8774499827617266,,,,,,,,False,False,False
P2,curveball,3747651.021,3747961.165,143,0.9456869009584664,0.5586986542256992,3747961.165,0.21628272944383722,182084.02409035218,2.0979955456570156,1.15868307512935,3747961.165,0.47239682347041956,2729.8957460327456,4.4934110491637105,2.5288633976510093,3747961.165,1.051020938809222,121522.26487097493,0.0,0.0,7.537093495779192,0.7203558103116972,0.1254710322338519,0.2783560462440731,0.596172921522075,3.043682446615482,1.7173817293550493,0.6886795529142568,184813.9198363849,1.476307442703262,,,,,,,,False,False,False
P2,curveball,3755051.69,3755480.797,162,2.0891530460624073,1.398535076724689,3755480.797,0.6373107592081517,110875.1085454626,2.968897735755163,2.0849141006252903,3755480.797,0.8618566039398192,234945.0528188887,1.6797919762258544,0.6721560885784149,3755480.797,0.48222331431460086,114.44049184731946,0.0,0.0,6.737842758043424,0.2932841597641535,0.3100626003134968,0.4406303088938944,0.2493070907926089,5.05805078181757,3.4834491773499794,1.499167363147971,345820.1613643513,0.3321026317616832,,,,,,,,False,False,False
P2,curveball,3755759.91,3755888.683,57,20.67798497077651,17.36710645605985,3755888.683,1.6223085907079227,691776.5493339067,34.059435364041605,30.229313593670298,3755888.683,1.5790463887500268,1240092.1132500272,0.9667651403249631,0.08724814311765026,3755886.6,0.09278285815206942,660.5048247698815,2.083000000100583,0.0,55.70418547514308,0.8965352936330493,0.37121061540346306,0.6114340434838594,0.017355341112677492,54.73742033481811,47.59642004973015,3.2013549794579497,1931868.662583934,0.01766186887163205,68.9,,,,100.0,68.9,default_max,False,True,True
P2,curveball,3810940.671,3811044.813,51,14.134831460674157,10.5482698964441,3811044.813,0.9578406563272565,1288.2634939387774,25.43898978433598,18.665539866107572,3811044.813,1.2411885774231697,2903.295174777342,1.4709517923362176,0.6200619619940713,3811042.727,0.112686746300706,142.2737929204522,2.08600000012666,0.0,41.04477303734635,0.8763926222793957,0.3443759196283768,0.6197863431036449,0.03583773726797829,39.57382124501014,29.213809762551673,2.199029233750426,4191.558668716119,0.0371698194932765,69.1,1676.0,,,100.0,69.1 + 1676,default_max,False,True,True
P2,curveball,3875470.743,3875586.565,57,18.089339545080843,13.70180394265955,3875586.565,1.32915259883143,227021.78529182076,24.051816389749366,16.391278075809826,3875586.565,0.8914356612384371,720981.4990106127,2.0695652173913044,0.33845975132239936,3875584.482,0.15591407787530048,243.24702828027432,2.083000000100583,0.0,44.21072115222151,0.7714041225992545,0.40916182938517587,0.5440267827103925,0.04681138790443169,42.14115593483021,30.093082018469374,2.220588260069867,948003.2843024335,0.04911030966003432,,,,,,,,False,False,False
P2,curveball,3983800.811,3983929.643,63,18.591533809785595,13.42677927179195,3983929.643,1.452342643699805,756068.2985524203,28.652613341033785,19.51208667649518,3983927.559,1.1736294401820788,1174473.1114283665,1.4114158636026686,0.2233472994876625,3983929.643,0.11462515907649327,113.98905003940175,-2.0840000002644956,-2.0840000002644956,48.65556301442205,0.8493230200442005,0.38210499803023257,0.5888866876854519,0.02900831428431543,47.24414715081938,32.93886594828713,2.6259720838818836,1930541.409980787,0.02987493581156094,,,,,,,,False,False,False
P2,curveball,4060541.349,4061123.54,160,16.600760456273765,12.464260072094229,4061123.54,1.5657646480018148,182800.3581800586,28.011510791366906,19.288529151482102,4061123.54,2.653348452674188,240371.67709103605,3.963663890991673,2.6262368055951737,4061116.886,0.833311237631389,646.3236864129765,6.6540000000968575,0.0,48.575935138632346,0.7429069883523353,0.34174865412053,0.5766540718449166,0.08159727403455334,44.61227124764067,31.75278922357633,4.219113100676003,423172.03527109465,0.08884694233542956,70.4,,-13.3,-3.4,100.0,70.4 hz-13.3 ivb-3.4,default_max,False,True,True
P2,curveball,4154225.318,4154771.068,150,15.314470493128537,11.840808615691044,4154771.068,1.5003326287902354,1220705.1468960452,28.224719101123597,21.128233767637443,4154768.985,2.8511184236984444,3126388.4827815755,1.5603661553686294,0.7177940997359825,4154766.901,0.4727955736618024,88449.25502105831,2.0839999997988343,-2.083000000100583,45.09955574962076,0.8869977684475128,0.3395703181235286,0.6258314218840378,0.034598259992433524,43.539189594252136,32.969042383328485,4.35145105248868,4347093.629677621,0.03583819933053192,71.0,,,,100.0,71.0,default_max,False,True,True
P2,curveball,4211668.2,4212221.327,153,22.145985401459853,13.428425183581767,4212221.327,2.1464267779096806,977121.8039134691,19.28598848368522,13.848622909923895,4212219.244,1.8053714825736555,1747008.49659369,1.8893574795336145,0.7338640130478458,4212219.244,0.7052202153891044,206483.28579571415,0.0,-2.0829999996349216,43.321331364678684,0.7592025189267732,0.5112027886455079,0.4451845748076368,0.04361263654685531,41.43197388514507,27.277048093505663,3.9517982604833364,2724130.300507159,0.04560143537382902,70.6,,,,100.0,70.6,default_max,False,True,True
P2,curveball,4257523.374,4258056.616,141,18.454270804723976,15.189471829546983,4258056.616,1.8766090402453082,265749.0089339276,16.76081081081081,12.76345111341473,4258056.063,1.7236839283189624,783587.6913133793,4.7442864398171665,4.150975365543004,4258044.113,0.789221611323105,459027.7690858666,11.950000000186265,-0.5530000003054738,39.95936805535195,0.5611737899890941,0.4618258922203427,0.41944634328535013,0.11872776449430714,35.215081615534785,27.952922942961713,3.6002929685642706,1049336.7002473068,0.13472314196552285,64.9,,,,100.0,64.9,default_max,False,True,True
P2,curveball,4296580.566,4296733.757,58,0.8725128960943257,0.7994466320962427,4296733.757,0.08147142799560374,109196.8472002499,2.809843400447427,1.363235140438658,4296733.757,0.32307165712665303,,2.0394932935916543,1.9569111394001317,4296733.757,0.24725789771134743,29849.054623555334,0.0,0.0,5.721849590133408,0.5114125870606887,0.1524879118806027,0.4910725729828061,0.3564395151365911,3.682356296541753,2.1626817725349006,0.4045430851222568,,0.5538555015730073,,,,,,,,False,False,False
P2,curveball,4297437.822,4298177.285,335,0.6534216335540839,0.39862879529872675,4298177.285,0.10976225323282261,72389.35821312887,4.17197292554525,1.7052579609972847,4298177.285,2.106636920103404,78859.00350939907,3.6541656179209667,1.9193548387096775,4298177.285,2.0224553795311104,182922.32453444792,0.0,0.0,8.4795601770203,0.6720928195808055,0.07705843462552027,0.4920034575438643,0.4309381078306155,4.825394559099333,2.1038867562960113,2.2163991733362267,151248.36172252794,0.7572780988510548,,,,,,,,False,False,False
P2,fastball,4386686.032,4387242.193,222,25.343898104265403,15.239326114414032,4387242.193,2.6817529933218682,1119632.4759630668,11.53072625698324,10.556286844364228,4387242.193,1.2658921095967046,532508.5920455318,20.631051752921536,8.652637604504978,4387238.026,3.2525201615588824,492188.0855091256,4.1670000003650784,0.0,57.50567611417018,0.3663164606320554,0.4407199396099322,0.20051457588448235,0.35876548450558543,36.87462436124864,25.79561295877826,3.947645102918573,1652141.0680085986,0.5594918486709415,79.8,,,,100.0,100%79.8,explicit_prefix,False,True,True
P2,fastball,4442306.451,4442955.048,226,25.258436944937834,15.690404816130178,4442955.048,2.449871920920357,756.6375166811454,19.21969696969697,14.387066032304665,4442952.963,2.0720305402114465,2457.1161107335274,33.455089820359284,18.379883843758364,4442948.768,4.900334170301549,4538.711964755481,4.195000000298023,-2.084999999962747,77.93322373499409,0.2750394581854723,0.3241035816871531,0.2466175021201749,0.429278916192672,44.4781339146348,30.077470848434842,4.521902461131804,3213.753627414673,0.7521693667402587,72.1,,,,80.0,80%72.1,explicit_prefix,False,True,True
P2,fastball,4454816.17,4454953.645,65,19.872898261612995,9.996744213790038,4454953.645,1.5856158471343935,544.5254274775234,11.306772908366534,8.318573688212757,4454953.645,0.7192653740730793,574.267117321416,9.459080280592362,4.082394221642594,4454941.138,0.5596420943018612,548.9850413224418,12.506999999284744,0.0,40.63875145057189,0.41017836425450627,0.48901350440807734,0.27822638503347574,0.23276011055844703,31.179671169979528,18.315317902002796,2.3048812212074727,1118.7925447989394,0.30337331747423213,70.6,,,,80.0,80%70.6,explicit_prefix,False,True,True
P2,fastball,4466722.842,4467362.721,198,32.149193548387096,20.697332712339595,4467362.721,3.181203816455951,23302.76320577713,15.529411764705882,11.235009008990234,4467362.721,1.6165099905034768,12372.018864102818,46.001280409731116,18.931420558483133,4467351.006,4.774734736099019,12844.652883927103,11.714999999850988,0.0,93.6798857228241,0.48858520083856605,0.34318139161173516,0.16577103659854603,0.49104757178971875,47.67860531309298,31.932341721329827,4.797713806959427,35674.78206987995,0.9648201768414301,72.8,,,,80.0,80%72.8,explicit_prefix,False,True,True
P2,fastball,4477780.556,4477967.451,91,29.704607873054623,13.02256086376641,4477967.451,2.589973754396452,40441.50773334592,17.25,14.7921280200016,4477965.363,1.1888272088257748,563114.6462561847,23.494057724957557,15.477464013234115,4477954.882,2.2311738176654927,1940.2314142685125,10.480999999679625,-2.0880000004544854,70.44866559801218,0.2651850704052199,0.42164897831496734,0.2448591446491037,0.3334918770359289,46.95460787305463,27.81468888376801,3.778800963222227,603556.1539895306,0.5003568081853763,71.1,,,,80.0,80%71.1,explicit_prefix,False,True,True
P2,fastball,4499831.181,4500408.808,165,25.944973230220107,15.353363011534885,4500408.808,2.923898413824463,12112.588216486809,14.080985915492958,12.277231042521404,4500408.808,1.3601039974576152,10759.151451839161,25.65616045845272,9.383416188497533,4500404.645,3.1026116892030458,37400.385914265134,4.16300000064075,0.0,65.68211960416579,0.30911809923380834,0.39500816031178426,0.21438080866379183,0.39061103102442385,40.02595914571307,27.63059405405629,4.284002411282078,22871.739668325972,0.640988023923484,63.5,,,,60.0,60%63.5,explicit_prefix,False,True,True
P2,fastball,4508589.103,4508751.375,77,22.165990730011586,13.2923173655497,4508751.375,2.021845567765198,85449.43613351641,7.960072595281306,4.247644583571244,4508751.375,0.47383074398264274,6326.602386975502,14.52614641995173,8.689440229121335,4508735.039,1.060390274223297,37605.6235487613,16.33600000012666,0.0,44.65220974524462,0.4776730695636441,0.49641419442566836,0.17826827923402022,0.32531752634031147,30.126063325292893,17.539961949120944,2.4956763117478404,91776.03852049191,0.48217871226991793,61.5,,,,60.0,60%61.5,explicit_prefix,False,True,True
P2,fastball,4517898.544,4518017.469,60,18.423857868020306,9.511504106585296,4518017.469,1.3086603778302053,20133.47000668802,4.871008616320324,2.764282222494929,4518017.469,0.27316310068025745,3160.796215488446,9.254800207576544,5.191253219131461,4518004.965,0.5773408652150149,7014.44741246499,12.503999999724329,0.0,32.549666691917174,0.6374065958121733,0.5660229348092025,0.149648494481509,0.28432857070928846,23.29486648434063,12.275786329080224,1.5818234785104628,23294.266222176466,0.39728925743351406,63.0,,,,60.0,60%63.0,explicit_prefix,False,True,True
P2,fastball,4527610.566,4528179.157,170,21.150992234685074,13.57654729840534,4528179.157,2.460516834282049,607.0360551163238,11.53072625698324,7.149297608851853,4528179.157,1.2016390310911529,13798.272974257268,30.305383936451896,17.02466630062033,4528166.657,3.519884676558282,31675.002682285474,12.5,0.0,62.98710242812021,0.4471530731810327,0.3357987813270537,0.18306487856211365,0.4811363401108326,32.68171849166831,20.72584490725719,3.662155865373202,14405.309029373591,0.9272885678939367,61.9,,,,60.0,60%61.9,explicit_prefix,False,True,True
P3,fastball,1122547.19,1123160.665,213,22.20689655172414,16.396537376374265,1123160.665,2.796569429102498,148289.57180456675,7.605896043444531,4.305780654549226,1123160.665,1.022793217849315,3197.638905802376,25.556701030927837,10.541890139111198,1123150.239,3.7045933741346655,4978.057743371769,10.425999999977648,0.0,55.36949362609651,0.5171618720713682,0.40106735852931263,0.13736618389191396,0.4615664575787734,29.81279259516867,20.702318030923493,3.819362646951813,151487.2107103691,0.8572394199351,71.9,,,,100.0,71.9,default_max,False,True,True
P3,fastball,1178889.238,1179601.623,230,17.921888170834503,11.626916744498525,1179601.623,2.318661768535962,427611.59519271087,8.459016393442623,5.957671283026315,1179599.54,1.2630575252319165,192568.39808360732,28.796966161026837,20.1756887612032,1179582.877,3.951350277322168,592851.8498026247,16.662999999942258,-2.082999999867752,55.17787072530396,0.5533274345078862,0.3248020979290113,0.15330450925797343,0.5218933928130153,26.380904564277124,17.584588027524838,3.5817192937678786,620179.9932763182,1.091583728331338,74.7,,,,100.0,74.7,default_max,False,True,True
P3,fastball,1232447.34,1232980.589,176,19.125,11.920995863207821,1232980.589,2.6409847684345604,399223.09933864645,7.924572317262831,4.483335387127967,1232980.589,0.7671874639190587,132726.59572058148,16.556068422481673,12.769727037374142,1232959.753,2.1662205146172444,920458.8803990806,20.83599999989383,0.0,43.6056407397445,0.40366152770504543,0.4385900465067231,0.1817327341790429,0.37967721931423404,27.04957231726283,16.404331250335787,3.408172232353619,531949.695059228,0.6120639627235702,72.9,,,,100.0,72.9,default_max,False,True,True
P3,fastball,1272372.194,1272932.521,179,12.882273342354534,9.776855138432664,1272932.521,1.7198137851806599,209565.5177505694,9.795323173935891,6.94565966406425,1272932.521,1.187670934150822,64794.93214703971,23.058425063505503,10.946912261741883,1272920.019,2.925111762995593,1120.145308684257,12.501999999862164,0.0,45.73602157979593,0.45523018910226154,0.2816658051439553,0.21417086216924067,0.504163332686804,22.677596516290425,16.722514802496914,2.9074847193314817,274360.44989760907,1.0167931617859727,75.6,,,,100.0,75.6,default_max,False,True,True
P3,curveball,1393051.159,1393536.261,116,18.729023383768915,15.901120282345996,1393536.261,1.821009046533278,977776.1203352446,23.442043222003928,18.074652671589817,1393536.261,1.8993210169099264,524071.7065468,2.4315973087465736,1.9569646535056573,1393525.725,0.46175689126499103,477468.56046850263,10.535999999847263,0.0,44.60266391451942,0.7415241177150629,0.4199081790195965,0.5255749581892772,0.05451686279112626,42.17106660577284,33.97577295393582,3.720330063443204,1501847.8268820446,0.057660322691807604,68.9,,-11.8,-3.8,100.0,68.9 hz-11.8 ivb-3.8,default_max,False,True,True
P3,curveball,1449802.571,1449931.559,63,18.3172338090011,11.568814370005931,1449931.559,1.359073537720761,1007.882868951155,10.513027618551329,9.796996141753977,1449929.207,0.46336131444568585,82620.83825204315,3.7159405691261647,2.888048538627385,1449920.877,0.26620076840004475,336788.6671482099,8.329999999841675,-2.3519999999552965,32.54620199667859,0.6734825589132507,0.5628071075964689,0.3230185697128103,0.11417432269072085,28.83026142755243,21.36581051175991,1.8224348521664469,83628.7211209943,0.1288902835121337,65.8,,,,100.0,65.8,default_max,False,True,True
P3,curveball,1502308.324,1502822.822,143,19.281258625448523,16.38832251235695,1502822.822,1.699574601079979,110112.45287860428,21.686770428015564,19.615378503105607,1502820.734,2.3651236635685917,279525.7800277036,1.6499133448873484,0.22161602414232565,1502820.734,0.2598325169103851,29295.43631858494,0.0,-2.087999999988824,42.61794239835143,0.7701115156136864,0.452421152697282,0.508864792798032,0.03871405450468606,40.968029053464086,36.00370101546255,4.0646982646485705,389638.2329063079,0.040273193097333994,67.4,,,,100.0,67.4,default_max,False,True,True
P3,curveball,1562475.744,1562592.86,55,17.771334792122538,15.079136080005838,1562592.86,1.2709292581627267,337609.4061986341,20.79728982300885,18.66058205306406,1562590.776,0.9140473127815529,986255.2390686923,2.220149253731343,0.7040133167636615,1562588.693,0.14064063985333736,300495.7317985365,2.083000000100583,-2.084000000031665,40.788773868862734,0.7331058738348025,0.43569181190045014,0.5098777886747179,0.05443039942483187,38.568624615131384,33.7397181330699,2.1849765709442797,1323864.6452673264,0.057563609692743004,69.9,,,,100.0,69.9,default_max,False,True,True
P3,fastball,1631830.143,1631993.817,80,14.58141447368421,7.268508824514884,1631993.817,1.4128497461664582,681742.666810344,8.17346143858738,6.686307068415923,1631991.729,0.5081014424942756,726.5179034508836,22.528981429375353,10.112053296574047,1631979.227,1.7894798382950972,793063.4203813677,12.502000000094995,-2.087999999988824,45.28385734164694,0.4764285164717642,0.32200027404189097,0.18049393135664613,0.49750579460146294,22.75487591227159,13.954815892930807,1.9209511886607338,682469.1847137948,0.9900726998570705,68.2,,,,80.0,80%68.2,explicit_prefix,False,True,True
P3,fastball,1691734.916,1691888.717,71,19.59641638225256,12.1323780137655,1691888.717,1.8134349609205598,1326.1204291901956,6.103580562659847,4.1711733897014005,1691886.633,0.3814333882464409,783.3133954030294,16.779771615008155,8.581055333943373,1691873.816,1.2209560520391185,2814.3148234254263,12.816999999806285,-2.084000000031665,42.47976855992056,0.5026661948040931,0.4613117501949311,0.14368205782595866,0.3950061919791103,25.699996944912407,16.3035514034669,2.1948683491670007,2109.433824593225,0.6529094789768017,66.2,,,,80.0,80%66.2,explicit_prefix,False,True,True
P3,fastball,1742850.457,1742988.561,63,12.031191180424845,5.4790510061250846,1742988.561,1.0844179648681669,3143.5590166339207,6.3458877786318215,2.0698578434348023,1742988.561,0.38483068165712914,2043.5270035740123,7.081883316274309,4.347271218227076,1742965.64,0.5380531435293188,1532.097537865709,22.921000000089407,0.0,25.458962275330975,0.36434226240403556,0.47257193951234744,0.24925948316364843,0.2781685773240042,18.377078959056668,7.548908849559886,1.469248646525296,5187.086020207933,0.3853650154114502,,,,,,,,False,False,False
P3,fastball,1807157.457,1807311.594,73,11.504820567755758,6.342317823759173,1807311.594,1.025894212574866,206788.48184038547,4.803191489361702,3.425776234628556,1807311.594,0.30870161191567635,282.98892032911846,15.932918582634569,5.66298941254332,1807297.007,1.1576467606113479,84251.95592090415,14.587000000057742,0.0,32.24093063975203,0.5213961273036085,0.35683897268060505,0.14897806589489454,0.49418296142450036,16.30801205711746,9.76809405838773,1.3345958244905423,207071.47076071458,0.976999436033702,63.2,,,,80.0,80%63.2,explicit_prefix,False,True,True
P3,fastball,1887632.097,1887738.308,52,6.400154400411735,4.195132589502406,1887738.308,0.5365866248123269,347.2343079807115,4.8370914618697745,2.671781777341084,1887738.308,0.2925185947159175,586.1104748299817,0.2896990457548324,0.05786901616373126,1887738.308,0.005996327781728492,104.4094394898454,0.0,0.0,11.52694490803634,0.826159832924131,0.55523423174771,0.41963343283591625,0.025132335416373892,11.237245862281508,6.86691436684349,0.8291052195282445,933.3447828106932,0.02578025339173406,64.5,,,,80.0,80%64.5,explicit_prefix,False,True,True
P3,fastball,1936913.772,1937041.059,62,10.878731343283581,6.776978859280389,1937041.059,0.8569482870618257,604541.8646872684,6.868055555555555,6.258003868745699,1937041.059,0.4523974137681035,960.7983784524312,11.53145564622269,5.104782820522263,1937028.333,0.7546608199401303,347918.90452219895,12.725999999791384,0.0,29.27824254506183,0.2587418582905352,0.3715636731453482,0.23457881889546495,0.3938575079591868,17.746786898839137,13.034982728026087,1.3093457008299292,605502.6630657208,0.6497770955359244,,,,,,,,False,False,False
P3,fastball,1972805.797,1972929.847,57,18.46262341325811,9.971802111755132,1972929.847,0.9387858284595595,4406.610302962911,3.8609154929577465,1.7081125876149397,1972929.847,0.18693450521859126,7089.018702903174,13.659109095758868,4.880844194956115,1972915.272,0.7833437206996784,424.9181171486748,14.574999999953434,0.0,35.982648001974724,0.6204545632594651,0.513097963558571,0.10729937087303469,0.37960266556839445,22.32353890621586,11.679914699370071,1.1257203336781507,11495.629005866085,0.6118702394428855,73.1,,,,100.0,73.1,default_max,False,True,True
P3,fastball,1985836.187,1986024.905,87,28.35560931357726,16.595965559803627,1986024.905,2.429796743012079,10021.487176004255,11.53072625698324,7.1782277992808705,1986024.905,0.6745073158701604,5281.212328623666,48.64503569110967,29.267370149470697,1986006.153,3.6074661102828034,40092.5924646035,18.752000000094995,0.0,88.53137126167017,0.6297457805391325,0.32028882993088664,0.1302445234119568,0.5494666466571565,39.886335570560504,23.7741933590845,3.1043040588822395,15302.69950462792,1.219591496567908,76.4,,,,100.0,76.4,default_max,False,True,True
P3,fastball,1994481.813,1995011.384,188,20.26979136896256,4.9770744994022,1995011.384,2.1174496397954865,3049.2492137615714,2.4394127892510573,1.1025659063558573,1995011.384,0.5235945660344883,373.28643795728436,12.036968576709796,1.6816801827253616,1994986.388,1.9578608603263026,8628.716946264325,24.99600000004284,0.0,34.74617273492342,0.7704926071523679,0.5833675991770273,0.07020666154690472,0.3464257392760678,22.70920415821362,6.079640405758057,2.641044205829975,3422.5356517188557,0.5300480145780971,72.4,,,,100.0,72.4,default_max,False,True,True
P3,curveball,2018535.334,2018676.3,68,17.18397383483238,11.917076600800964,2018676.3,1.355068041182112,810.0277965661527,18.852024070021884,13.431668840316632,2018676.3,0.9548998936625975,1652.6792647791142,2.856714178544636,1.2279133007558451,2018665.888,0.23064859446081332,174.9364595395671,10.412000000011176,0.0,38.8927120833989,0.6782516371398882,0.44183017625472426,0.48471868018863995,0.0734511435566358,36.03599790485426,25.348745441117597,2.3099679348447095,2462.707061345267,0.079273902337524,66.9,,,,100.0,66.9,default_max,False,True,True
P3,curveball,2026819.77,2026952.225,64,18.043835616438358,13.686062683020516,2026952.225,1.4017206659980759,9013.352601482651,12.455719557195572,9.949370054290716,2026952.144,0.4346133991420879,84020.81304891098,3.315512048192771,2.4342222454380615,2026945.895,0.2611705674570721,30655.516537590018,6.249000000068918,-0.08100000000558794,33.8150672218267,0.6596356958103311,0.5336034229377948,0.36834821221812464,0.09804836484408047,30.49955517363393,23.635432737311234,1.8363340651401638,93034.16565039362,0.10870689848811123,68.4,,,,100.0,68.4,default_max,False,True,True
P3,curveball,2035706.098,2035847.301,68,25.06110793832096,19.020302510469115,2035847.301,1.5547025248562343,15755.777886324035,27.905090595340813,22.7275836411484,2035845.217,1.4920178594732454,22037.912588966763,1.8294073890404166,1.2233217458815573,2035838.974,0.1297177838854148,27115.413451947778,6.243000000016764,-2.084000000031665,54.79560592270219,0.7831651374680414,0.45735616052268113,0.5092578159406673,0.033386023536651516,52.96619853366177,41.747886151617514,3.04672038432948,37793.6904752908,0.034539148356621585,70.6,,,,100.0,70.6,default_max,False,True,True
P3,curveball,2047200.821,2047282.452,39,20.771929824561404,15.070953840896582,2047282.452,0.6921041834144571,4461.289007234702,25.750142126208072,19.293498190523263,2047282.452,0.6139745272192345,1857.3007068006061,2.0695652173913044,0.8630392234208045,2047278.285,0.06712061107998424,2090.4805305504146,4.167000000132248,0.0,48.59163716816078,0.7708443737322638,0.4274795218913105,0.5299295028297711,0.04259097527891832,46.52207195076947,34.364452031419845,1.3060787106336917,6318.589714035308,0.04448566305433165,64.9,,,,100.0,64.9,default_max,False,True,True
P3,fastball,2069659.217,2069775.284,58,12.704054054054055,1.7216487088092234,2069775.284,0.7604005305405765,4530.196189938483,1.4655470486539885,0.3918172153678892,2069775.284,0.0964254995094442,391.8724472439395,12.503177966101696,1.9554800703540323,2069775.284,0.8397440842603675,3342.4712743211203,0.0,0.0,26.67277906880974,0.723361230406198,0.4762928535223296,0.05494542000566227,0.46876172647200814,14.169601102708043,2.1134659241771128,0.8568260300500208,4922.068637182423,0.8823944919460106,58.9,,,,60.0,60%58.9,explicit_prefix,False,True,True
P3,fastball,2082585.034,2082757.201,82,16.287340366463077,11.455001395398805,2082757.201,1.398326450620003,5726.75576674,6.972972972972973,3.7767740542350907,2082757.201,0.42229887570992564,2405.7667080928563,27.060658578856152,15.776609926097645,2082730.995,1.893230353966584,16647.52720077253,26.205999999772757,0.0,50.3209719182922,0.5993128948257741,0.3236690339151112,0.13856991840887364,0.5377610476760152,23.26031333943605,15.231775449633895,1.8206253263299286,8132.5224748328565,1.1633832349531128,60.4,,,,60.0,60%60.4,explicit_prefix,False,True,True
P3,fastball,2090938.089,2091367.578,105,10.533492822966506,3.380656012243578,2091367.578,1.1864806033872364,21243.5810776672,1.3367875647668395,0.8004910019340673,2091367.578,0.2972874360289223,3067.2618035541404,6.488911547285241,1.673372562417165,2091367.578,1.0722329954088614,6138.1997102322875,0.0,0.0,18.359191935018586,0.7532119375692947,0.5737449044734246,0.07281298487963578,0.35344211064693964,11.870280387733345,4.181147014177645,1.4837680394161588,24310.842881221342,0.5466519185166705,57.8,,,,60.0,60%57.8,explicit_prefix,False,True,True
P3,fastball,2102066.931,2102403.72,85,17.19480156512018,11.551347380773892,2102403.72,1.7541540627471672,9809.226086620462,12.282428456806633,7.31639744379388,2102403.72,0.9989570882520294,3335.747863694504,32.69767441860465,14.642687171156988,2102389.147,3.0821660858227324,5973.1348730287755,14.5730000003241,0.0,62.17490444053146,0.5141438382099913,0.27655533562687695,0.19754639862059503,0.525898265752528,29.477230021926815,18.867744824567772,2.753111150999197,13144.973950314965,1.1092519342652714,59.7,,,,60.0,60%59.7,explicit_prefix,False,True,True
