pitcher,pitch_type,t_end,pointer_peak,pointer_F5,pointer_J5,pointer_F10,pointer_J10,pointer_F25,pointer_J25,pointer_F50,pointer_J50,pointer_F100,pointer_J100,pointer_secpk,pointer_unload,middle_peak,middle_F5,middle_J5,middle_F10,middle_J10,middle_F25,middle_J25,middle_F50,middle_J50,middle_F100,middle_J100,middle_secpk,middle_unload,thumb_peak,thumb_F5,thumb_J5,thumb_F10,thumb_J10,thumb_F25,thumb_J25,thumb_F50,thumb_J50,thumb_F100,thumb_J100,thumb_secpk,thumb_unload,finger_peak,finger_F5,finger_J5,finger_F10,finger_J10,finger_F25,finger_J25,finger_F50,finger_J50,finger_F100,finger_J100,finger_secpk,finger_unload,velo_mph,effort_pct,analyzable
P1,fastball,233770.799,17.6148023549201,12.409797210576395,0.05537063073776109,12.411818350985389,0.08198355438786524,12.637494198798029,0.3127242592814022,14.528317389827933,0.7225220438061662,14.14423881219534,1.4175915337015519,16.77737531345779,3357592.109733651,14.899482429855626,11.187733894934183,0.05836351944468522,11.743150580088077,0.08761359708495109,12.867082413587704,0.3400825120018074,13.213428985924144,0.6812724810383182,9.590200937402736,0.9891138335420012,14.899482429855626,10570205.130743507,15.667296786389414,8.75203606550095,0.035642332756777265,10.740804417226457,0.09234021889014057,13.393499510900357,0.33564492698440607,13.773639702023281,0.7002764533772194,11.56886352102494,1.1688331697776744,15.667296786389414,36221.2003623572,31.14927426998885,23.59753110551058,0.1137341501824463,24.154968931073466,0.16959715147281637,25.50457661238573,0.6528067712832095,27.741746375752076,1.4037945248444845,23.73443974959807,2.406705367243553,31.14927426998885,13927797.24047716,73.8,100.0,True
P1,fastball,271279.673,18.075949367088608,11.155324751415307,0.04983897286285099,10.90793303267811,0.10957656753849306,11.3358934710219,0.2604473802402384,14.114568487759826,0.6773545016609199,13.393500394349582,1.3215061146463258,18.075949367088608,3636347.1035035183,14.586572438162545,9.93642304645477,0.04974546140655936,10.195298248138894,0.11140324490804132,11.40877088939074,0.27406766997138904,12.44091885972243,0.6121891049207456,9.60268350665339,0.9601541314582366,14.586572438162545,8452189.648019746,18.912696226934727,8.061247502175558,0.039728441624328564,10.291825507506033,0.09468840707148515,14.182166705310943,0.33689241365324507,15.415971624034476,0.7572486271161089,12.439837067996095,1.2381808897198392,18.912696226934727,72353.9355081095,31.118165016456718,21.091747797870074,0.09958443426941033,21.103231280817003,0.2209798124465343,22.74466436041264,0.5345150502116274,26.55548734748226,1.2895436065816657,22.99618390100297,2.281660246104561,31.118165016456718,12088536.751523264,79.1,100.0,True
P1,fastball,322366.28,21.88031222896791,17.96219941315384,0.0374152613783606,17.39959375420137,0.17013110560376168,16.51799500466706,0.3854181251734706,18.63815237823268,0.9254084136899013,17.557735407826666,1.7521523033877342,21.839595375722542,2950.8428911380147,10.602272727272727,6.838292367399742,0.014244163001583435,7.120640970438342,0.06236531963738108,8.74073960822518,0.19593035941624412,7.831985340124155,0.37661103802201423,5.613255934232403,0.5449695608010295,10.602272727272727,2082.529314107565,30.095797825448134,12.990992706629513,0.05429512217385256,17.760841178909597,0.15965638756686054,23.25751851119192,0.536538772199401,25.955394301189717,1.1876845977912194,23.753746834733516,2.390177253624061,30.095797825448134,52258.13016254679,28.90897389164806,24.80049178055358,0.05165942437994403,24.520234724639714,0.23249642524114275,25.25873461289224,0.5813484845897149,26.470137718356835,1.3020194517119152,23.170991342059068,2.2971218641887643,28.90897389164806,1681.8605848191517,77.0,100.0,True
P1,fastball,381893.081,23.52851711026616,18.298262280369272,0.07834447112819115,16.914653703553647,0.14368843402041614,16.781461345415536,0.41497953983672076,19.656192706914638,0.9827254130500325,17.613536633177972,1.7529922383311536,23.237302977232925,1732.0456567034482,11.792910447761194,9.25421815297729,0.039429756455993316,9.845146488933288,0.08380862661589648,10.773810869119925,0.2719005471859751,10.365103268662619,0.5234448060574598,7.56079020958828,0.7578119453525846,11.792910447761194,2976.1347854577025,15.755741691434748,13.031827489055667,0.055455805755866255,14.086034305404558,0.12069565969627345,14.64683042161701,0.3706413989331883,14.432192536882619,0.7239872816588461,12.274011442412172,1.2322854216428725,15.755741691434748,4286.618380852142,33.956552872453166,24.383255045103734,0.10484706790011847,24.79920523704524,0.21364950845697725,26.72381801897781,0.6711336892011954,29.72229555606003,1.4970190687313876,25.1572463313313,2.5152130303993716,33.956552872453166,4708.180442161151,78.0,100.0,True
P1,fastball,431826.778,21.2720207253886,17.641632630193413,0.07416822983983382,16.99878894445389,0.16264951142219342,16.62905722069644,0.3767354762781463,18.61453279607157,0.8821238977483179,16.735374715844873,1.6382621693933375,21.2720207253886,,13.348423605497171,11.056976782613916,0.04845987588716467,11.413310522351567,0.10844830616116588,10.576053416714254,0.25172977006359715,9.21057155980417,0.44090346313939427,6.880555758473084,0.6684452769481499,13.348423605497171,,20.35,8.857646405519288,0.03873558129472177,11.125719644379902,0.11440377508121254,16.45144867304563,0.3992665282581401,17.0958952324247,0.8630915522929218,14.821219076119519,1.4695247911151952,20.35,3947.136170175674,34.620444330885775,24.58350370958827,0.10273058670763474,26.65701007300332,0.2550888225477696,26.62273429362807,0.6181466744227307,27.561342371372486,1.3115344766335537,23.57883422755909,2.3089359460737255,34.620444330885775,,78.3,100.0,True
P1,fastball,600417.195,24.705396638159836,22.571865883671062,0.09518295408579332,20.964576992599536,0.19310931584508978,19.731727806914197,0.4695665374941088,21.683006582348966,1.056639477443399,18.83084593895992,1.8694714661645575,24.705396638159836,1738.1500898366792,9.613224875360798,2.9932208632184625,0.013202361015771219,5.115810448904996,0.0459336447444494,7.417264664743985,0.18318851922547774,7.172634042884418,0.3561840940831135,5.527284287989253,0.5572224518808507,9.613224875360798,1578.7622078713832,29.46998535871157,16.270693799585697,0.06861001546656958,18.960653357569715,0.15362503170927191,24.15598313255566,0.6004896850482555,24.845649058325748,1.2335794783384217,20.42329237417537,2.039136793061062,29.46998535871157,6572.994351402471,31.61664860385057,25.565086746889524,0.10838531510156452,26.08038744150453,0.23904296058953917,27.14899247165818,0.6527550567195864,28.855640625233377,1.4128235715265125,24.35813022694917,2.426693918045408,31.61664860385057,2699.070128372416,79.3,100.0,True
P1,fastball,660008.857,18.695676744843176,17.726865619583148,0.07487653669973793,17.2174128962794,0.10798463507612266,15.542841962111943,0.31779930546723656,16.38698335331576,0.7935810956694298,12.729116257982431,1.2756936165507413,18.695676744843176,,10.014473684210527,6.560508249334511,0.02780499759039556,7.008329704941601,0.04561210298040803,8.465122673441673,0.17549036257196202,7.531079726534102,0.36918060810239933,5.432986786771376,0.545315046564841,10.014473684210527,1478.733023861766,25.110539845758353,14.805972613789724,0.057737790641348735,16.23023856686736,0.14001350796547077,20.004109877717347,0.5334816648181128,21.451814299924628,1.1105493785530594,17.963670204123762,1.8274581111591335,25.110539845758353,4018992.1556752403,25.99446674315271,24.287373868917655,0.10268153429013352,24.225742601221,0.15359673805653068,24.007964635553616,0.4932896680391986,23.918063079849862,1.1627617037718292,18.162103044753806,1.8210086631155824,25.99446674315271,1012827.9869745453,81.5,100.0,True
P1,curveball,720070.217,8.766683911019141,6.573607123123885,0.02825357639714499,5.939385508549283,0.04956521281878018,6.181756678698093,0.15208539029184148,7.185237447260489,0.3454966366159879,6.34991930374129,0.6303701635479729,8.442953020134228,396.93044318909796,27.269131556319863,18.41369752017228,0.08595097648306135,19.455762292526938,0.1745733603275799,18.915439983778196,0.4877706797809786,17.11415440491025,0.8510669283573316,12.292217965989977,1.234525502455118,27.269131556319863,,4.775717551435103,0.4765557957527933,0.001975603212727951,1.821957405712645,0.014188412299991264,3.466105638508379,0.08640400290783604,3.9880866877920527,0.20118216049394277,3.637570198012449,0.3683825585024308,4.775717551435103,1529.4294092707048,34.66913155631986,24.987304643296167,0.11420455288020634,25.39514780107622,0.22413857314636007,25.097196662476286,0.6398560700728201,24.299391852170732,1.1965635649733195,18.642137269731265,1.8648956660030906,34.66913155631986,,68.9,100.0,True
P1,curveball,787348.503,16.24390243902439,10.137311984605692,0.03657542164053287,11.79133300112317,0.11581667398020523,12.520955191853972,0.3034469859992488,14.132883986015461,0.6851526384467658,11.580917052630847,1.1492259960510691,16.021650879566984,1893.5488965693517,28.011510791366906,25.849507567030454,0.10669667333714627,24.6747619888359,0.20427393660362178,21.902401715864624,0.5075189634770519,19.22010025638164,0.9598186525732213,14.115636691658613,1.364006092939357,28.011510791366906,,3.7777777777777777,1.9836298581180485,0.008185774243666004,2.6642240364641205,0.023573778562836066,2.8867196453878985,0.06975625309279247,2.4562794830927834,0.12035958840522137,2.120700870745138,0.20897965900622756,3.7777777777777777,819.599144182227,42.320027127735415,11.140545045282973,0.04019508652346397,27.702330765612356,0.256432752840724,31.557536733907238,0.7596979553009529,32.44809879449914,1.58551026582717,25.582150687913792,2.5308169515337844,42.320027127735415,,70.3,100.0,True
P1,curveball,854779.918,21.71716605992719,9.75812968203297,0.03711790592551525,10.693933904079971,0.11011109699654159,13.910946131648975,0.3482529355290251,17.325341614016637,0.8783153852839014,15.181911919531975,1.5160757159577274,21.71716605992719,373281.5787224061,30.329545454545453,26.803040270075158,0.10339971815930903,24.391213354626554,0.19312758613059902,21.804546008736875,0.5215392718923361,20.644590268067077,1.0248467513306652,14.763835430203683,1.4725155512748258,30.329545454545453,,8.067796610169491,6.596500044610036,0.03214064406704277,6.2931855324093515,0.05764149402221512,4.910526137733799,0.12504686960443764,4.388750986541038,0.21765905636809071,4.054881069740768,0.40357495536999693,8.067796610169491,2115.0319607010642,42.32426562350005,28.939557505557797,0.11285866412210256,31.11614601332759,0.33158283277061945,34.32046542470309,0.8738083667402408,37.292401224869685,1.894427577481901,30.1074475902515,3.0094279436918576,42.32426562350005,,73.9,100.0,True
P1,curveball,900287.853,21.007250418293363,6.482770728489345,0.03079357544313882,9.620842644274974,0.08969710611530493,12.602716235125195,0.29865973584597916,16.256507560490103,0.7971824754509355,13.556218091682076,1.34930350058171,20.67798497077651,2092.4197702962674,14.444,13.784875335295505,0.06860177509663953,13.06045675425682,0.11884512734537406,11.368802583077072,0.26340215376777293,9.211138105685691,0.45492104477850764,6.092844030882283,0.6002067378769006,14.444,,2.340886454183267,1.0064650368673833,0.004918950453390612,1.4462377022172141,0.014077527165705109,1.6573555453643212,0.041073395489360835,1.614428035557896,0.08280726130955314,1.4219524831285557,0.14484055904707743,2.340886454183267,908.1857823995681,28.70151344566598,7.279140344579408,0.03462787172417408,17.013382316753816,0.14983316638783153,22.12147358294992,0.5227431549431267,25.016007684604997,1.2236145533736522,19.683631169241,1.9543940360074434,28.70151344566598,8634.992538663524,71.9,100.0,True
P1,curveball,968351.312,12.71599045346062,10.634751771858735,0.05324992910171054,10.140936264664662,0.1009714828372754,8.989904214011817,0.20668251475200727,9.239171763550548,0.4405369238560824,7.544895702196641,0.7540238499982184,12.71599045346062,,27.37482076283338,23.426220407534874,0.10173181480386481,23.331767234340695,0.2214983352246995,21.030660910151997,0.4822249939207914,18.108357263514463,0.9146954858774855,13.84203844507757,1.3779367164847012,27.37482076283338,,3.469213370193516,0.45218360259276447,0.0009418984442462103,1.5445238355371207,0.012801668243697474,2.348638835403708,0.05737928297892149,2.172977501984124,0.10790367708003239,2.028077711041844,0.2010518704126541,3.469213370193516,1163.7123877979197,38.32053280059892,28.455215799554615,0.16154389377205586,29.751274774645058,0.3290319679284554,28.479990814781274,0.6954696585392792,26.837601089790134,1.3326093576525608,21.124916931827297,2.1385227163494,38.32053280059892,,69.3,100.0,True
P1,curveball,1016318.718,19.004684486084322,13.978579624690994,0.05981997183230921,13.500077117790699,0.11540929320086712,14.66758280835439,0.3444879073140093,16.48778954338439,0.7845984503549952,14.089171489316271,1.3732597749915068,19.004684486084322,641796.8004226444,36.41606498194946,25.305485205375962,0.1187494162443331,25.43285372287314,0.23126533422558498,24.415260795298515,0.5950376033205319,22.549343988691092,1.092972983351201,16.63248562666106,1.6194807396537363,36.41606498194946,,1.3816699604743083,0.21361303790957528,0.000758428868992479,0.5624664166105183,0.0042361792550717195,0.8863915215745727,0.022760268874335705,0.8530372697205028,0.04169477153944318,0.8991745303060451,0.09051689052071268,1.3816699604743083,284.131997901704,50.89863870849101,39.28406483006696,0.17856938807664227,38.93293084066384,0.34667462742645205,39.08284360365291,0.9395255106345415,39.03713353207549,1.8775714337061964,30.721657115977326,2.992740514645243,50.89863870849101,,72.1,100.0,True
P1,curveball,1061966.508,19.512437810945272,16.39352640223459,0.0590966724346458,15.283296629348104,0.14668002610874872,15.340391356830484,0.3420430501229792,16.818430643866403,0.8196526600721423,14.180690151983194,1.4010633720240468,19.004684486084322,1364646.1426976165,12.455719557195572,10.949448701992617,0.03715184299699627,10.442616598017068,0.076892609154459,8.030744243536002,0.18649416159254092,6.351073387552014,0.295734088139348,4.377278525959322,0.41570414340727707,12.455719557195572,,2.220149253731343,0.4570398632078627,0.0018536188763112861,0.4570398632078627,0.0018536188763112861,1.5288515108296985,0.027855823529053254,1.6180516401213052,0.07930180296688923,1.5020929316056661,0.14881153320451707,2.220149253731343,237.9598028750633,30.63614182207081,25.049884938864427,0.08980960282517711,24.33866013422352,0.23731407747423763,23.041105044563118,0.530958899268063,23.05299382551779,1.1215701916791776,18.535238874858234,1.8268751992267518,30.63614182207081,,66.5,100.0,True
P1,curveball,1109435.855,21.859865470852018,9.699848021780566,0.04119579045711326,10.18926957797926,0.0919340318423013,13.629442420631351,0.3006885631458546,17.086668656350582,0.824111753873485,15.62824806019063,1.5519140389512096,21.527272727272727,13565.130864603454,29.94824076766502,22.777307524476367,0.10091138428558662,23.1853367381654,0.22006338628971225,21.972191684115575,0.5353384802126474,21.098950351748258,1.0443075793513903,15.811383154600694,1.6062840202773312,29.94824076766502,,7.704368174726989,5.014176657651196,0.02145642149022661,5.45952657229502,0.04902410432093012,4.936492302797498,0.1062613123666981,4.076175591179343,0.19846952425018777,3.761819147923942,0.3762381536826905,7.704368174726989,1856.1685830784531,41.785337243401756,32.47715554625693,0.1421071747426999,33.374606316144664,0.31199741813201354,35.60163410474692,0.8360270433585021,38.18561900809885,1.8684193332248753,31.439631214791326,3.1581980592285404,41.785337243401756,18670.386176604636,70.6,100.0,True
P3,fastball,1123160.665,22.20689655172414,16.882577805481052,0.07126947902501778,16.396537376374265,0.13965802812806494,17.00455756540561,0.39182261994535955,19.484996024661992,0.9800455296981884,18.094735888847296,1.821950229327471,22.20689655172414,852.9394423578646,7.605896043444531,3.1188785159618906,0.013666625926430516,4.305780654549226,0.035476050766557146,5.690624480662532,0.13373995769780067,5.088192625001342,0.258790148135679,3.6762214863474076,0.37100730708980045,7.605896043444531,1458.5049721604694,25.556701030927837,7.1964049312460965,0.024522739902731763,10.541890139111198,0.08453636319165417,18.069269278787978,0.4739576184810402,20.397273086333527,1.0524565490786804,17.653996063911897,1.7769159824082446,25.556701030927837,4915.4661072692725,27.482792296910784,20.001456321442944,0.0849361049514483,20.702318030923493,0.1751340788946221,22.695182046068144,0.5255625776431603,24.573188649663333,1.2388356778338676,21.77095737519471,2.1929575364172713,27.482792296910784,1954.2613824583243,71.9,100.0,True
P1,fastball,1134561.839,19.517623649801024,3.7317229531460794,0.007754520296561093,3.7317229531460794,0.007754520296561093,2.316335560270291,0.06169181158881571,2.269204396085632,0.11276170740440913,7.464052139770892,0.7699043377603233,3.932643794147326,815.3858260605418,5.31350114416476,2.220237889572248,0.004613654334485641,2.220237889572248,0.004613654334485641,1.9572489468762964,0.056094984395120846,1.8303211090351184,0.09655027995360764,3.031742652684781,0.31098817692588954,3.3284068136272547,1066.5725929412256,16.24390243902439,1.8170813097450533,0.007542375709820246,1.8739191336097771,0.015572919154873762,1.9692192829951023,0.04520478782195455,3.18357903590954,0.15117507700543387,7.257215159154379,0.8211870900332962,5.549531289587028,507.27491482053176,23.411963272442534,5.951960842718327,0.012368174631046733,5.951960842718327,0.012368174631046733,4.273584507146587,0.11778679598393653,4.09952550512075,0.2093119873580168,10.495794792455673,1.080892514686213,7.26105060777458,1259.951650692166,72.6,80.0,True
P1,fastball,1144604.829,17.461775413049565,8.33878512900791,0.03513081616668653,8.723116803747786,0.07498170464793215,9.96292943606671,0.22083754703603606,12.159654895756475,0.5920856700421391,11.5994103331656,1.1606737708745296,15.132947976878613,114353.28995624564,13.46359223300971,7.69574006855942,0.03242892740770566,8.353101936697785,0.07315077617846491,10.087864009567621,0.22918706477108453,11.165008515401947,0.5477936976786472,8.671411935442631,0.8747082057882459,13.46359223300971,66181.067513544,17.680699835975943,7.44768673868878,0.025441668980614417,8.433301547606224,0.050368574294608524,11.573228342051596,0.3102102344991566,13.978110017990021,0.7082638240031749,10.048982798111961,1.0062932762403445,17.680699835975943,52459.68236135329,29.36293828694032,16.034525197567326,0.06755974357439218,17.076218740445572,0.14813248082639702,20.050793445634326,0.45002461180712056,23.324663411158422,1.1398793677207864,20.27082226860823,2.0353819766627756,28.596540209888325,132848.9235987116,73.5,80.0,True
P1,fastball,1152642.811,28.802547770700638,5.40161853251389,0.02332650146227571,4.189489748309465,0.03394990935186301,2.991054613340624,0.07181684275318534,5.524387918024575,0.2509071352774934,14.151251300451676,1.4503828408007076,8.10093896713615,128442.41804722582,7.605896043444531,1.9509270720997025,0.00799719871886111,1.8213108630050914,0.015052344435209036,1.5076586757790145,0.03629236589484376,2.300135255090582,0.10568659101655924,4.232033893494283,0.428686598402522,3.8275081719889363,33281.7610849632,26.305435720448664,2.6987297877080025,0.01119354223139128,2.7237154845651,0.022602254846004883,4.554389566063014,0.09606758307970271,11.080943207886806,0.5225840460266777,15.91453868086803,1.5865042096454003,17.635419513528287,93314.04940775133,36.091247461103116,6.903650184632821,0.030340369256172943,5.7931968050861835,0.04840591985400239,4.455444371727515,0.10859335773272093,7.617258737134292,0.3477972312122279,18.30784824833438,1.8727916899102863,10.933981143327815,161724.17913218908,74.4,80.0,True
P1,fastball,1161420.589,17.998875456845656,14.966541166144374,0.06542045952877153,14.675546222969695,0.12798142904767804,14.256438972914312,0.35291391873577704,15.71268346366013,0.7158507971917085,13.276538201187883,1.311313267258649,17.998875456845656,3585.203327724906,8.88958496476116,4.707131399874002,0.01981708544107728,5.944620342988554,0.051244576729591235,7.310838966327389,0.18441451901826864,6.897586552955001,0.32009184112422073,5.277009343418104,0.522289858865644,8.88958496476116,1279.5503389963883,25.507014028056112,8.065830489693496,0.03346583528101959,11.750899541781372,0.10008163728911902,17.752434470535288,0.4438791344053373,21.02867767849025,1.0495246692492872,18.89193899522308,1.8760109970538417,25.507014028056112,2471.453161702772,25.024980895412263,19.67367256601838,0.08523754496984882,20.62016656595825,0.17922600577726927,21.567277939241706,0.5373284377540457,22.61027001661513,1.0359426383159291,18.55354754460599,1.8336031261242929,25.024980895412263,4864.753666721294,73.1,80.0,True
P3,fastball,1179601.623,17.921888170834503,10.85925717459166,0.04461621733596224,11.626916744498525,0.10179634735075113,13.059909059238558,0.3293609100965106,15.215974593027191,0.767301113506521,14.731774866248772,1.4816970318129419,17.691444600280505,2675.2914573431062,8.459016393442623,4.622239920986495,0.019518943991221005,5.957671283026315,0.05024362945378569,7.2529903597939045,0.18482410153199275,6.647909803645157,0.33822596683592404,4.737822409387458,0.47821254530398566,8.459016393442623,1059.2708422475932,28.796966161026837,17.94413039147902,0.07458358596648068,20.1756887612032,0.16899775922218155,24.68206297445567,0.6228781143013228,25.210096961421073,1.2588994438066357,21.291940434001432,2.138569093687159,28.796966161026837,6620.459832794624,25.22592996978944,13.779245984711862,0.05686449775209222,16.093363176475705,0.13947259917045873,19.75852655330096,0.5016191106412343,21.711497686695942,1.0991106465971985,19.461105368182665,1.9612069583002898,25.22592996978944,3578.5206869335316,74.7,100.0,True
P1,fastball,1184371.725,15.206830074359681,9.485901963154296,0.039869712973741374,9.975221072198424,0.08851804066287605,10.673684383787197,0.2701295417126975,12.619823620141778,0.6301612274253748,10.723500421951067,1.0704462338287166,15.206830074359681,2466.583809927278,5.381836682777919,2.8678134735179484,0.011720648169658057,3.7710842089645573,0.03234988080743282,4.439414081393363,0.11490976751686834,4.0582489044122445,0.20881026576348763,2.971956694155891,0.30380870689637196,5.381836682777919,925.4259177706508,17.862068965517242,,,8.857404026851777,0.08169010538152313,13.540924031909016,0.3120166025460753,14.57361072154318,0.6948143801927673,11.593192957376486,1.1566322026209106,17.862068965517242,1881.8284788543588,19.000947721418505,10.97910440736093,0.045996700051948676,12.792587390103282,0.11212933052790736,14.750472694016935,0.3774672019480639,16.552599993243362,0.8339367942727228,13.68715836487483,1.3742204882403515,19.000947721418505,2927.22625519818,66.7,60.0,True
P1,fastball,1194499.094,15.689054726368159,5.269943852480488,0.019015455945873384,8.243834217956225,0.06927774740993663,9.62079594648637,0.23875753743885345,11.931318541037912,0.5873968004801738,10.736424671630253,1.0910790373118213,15.169878854625551,14307.8484530774,7.0430079835178985,3.4153398657634635,0.013302508415712318,3.7684756256445646,0.03240221331129445,5.077879387705529,0.12517321303023696,5.1252596774397725,0.2558808417316297,3.6777148563271083,0.3630893774178692,7.0430079835178985,1293.9420151662107,21.764705882352942,6.238706418691395,0.020569015062553354,11.743057760438424,0.09858462809429457,16.030545431304486,0.3809823732712554,17.673459642215196,0.9007513320548571,12.936708248832986,1.3265218481877772,21.764705882352942,45833.03322051429,20.13712306462653,8.68528371824395,0.032317964361585697,12.01230984360079,0.10167996072123106,14.698675334191895,0.3639307504690904,17.056578218477686,0.8432776422118036,14.414139527957358,1.4541684147296905,20.006970316495327,8405.566729120112,68.3,60.0,True
P1,fastball,1201952.791,18.423857868020306,5.632839117769367,0.02529524071181656,5.632839117769367,0.02529524071181656,3.2633851603642894,0.08044483206170565,3.1483216642986576,0.1527634642115603,9.358928970320349,0.8892142035570061,7.441359626362221,7075.912374160795,5.040852575488454,1.8377315930095046,0.003822481713168811,1.8377315930095046,0.003822481713168811,1.3496009787096064,0.036718243522956974,1.3362021612431412,0.06592553348903028,2.860474637441926,0.2720024081421475,2.1131794489947877,523.8416134407798,14.831810854379366,1.595197022757473,0.006664728098290375,1.563212623065262,0.013086556676315303,1.567517748250336,0.03590628613156879,3.297092195755244,0.15436620616994876,7.6522940075495605,0.7892024064280433,5.939547879095758,13949.142732124546,22.922720642849722,7.0160817484031535,0.031232677982993166,7.0160817484031535,0.031232677982993166,4.5212339795892,0.1167945981889566,4.441426952773759,0.2208039532585984,12.162589085582285,1.1633315672571614,9.003643363386443,4100.585917533226,67.5,60.0,True
P1,fastball,1209687.37,15.763550884955752,10.727589344526784,0.04995463595130484,10.237550949139713,0.06953956064887191,8.98685503690148,0.21697387011185465,9.81810721193373,0.4824614723691163,7.867317731518422,0.7881906434024561,15.763550884955752,,7.078052550231839,2.6774930060147786,0.011078373385513665,3.2428433853427268,0.02042657409891887,5.460313443325254,0.13188134824388292,5.884063523892724,0.29124696358092195,3.869020857441548,0.3922548140146202,7.078052550231839,4269.329656784896,12.375760783275998,4.44568278142279,0.01865063908200413,7.863144163967221,0.06218593743089889,10.017278749141468,0.23419830931950206,10.192220521385178,0.49871169750980493,6.944307335216589,0.692577357331892,12.375760783275998,19383.687537766513,18.366689898408666,13.405082350541562,0.06103300933681851,13.48039433448244,0.08996613474779079,14.447168480226734,0.3488552183557375,15.702170735826455,0.7737084359500382,11.736338588959969,1.1804454574170764,18.366689898408666,,69.0,60.0,True
P3,fastball,1232980.589,19.125,11.96025896502949,0.05002417923849813,11.920995863207821,0.11338705586982059,13.109040604449318,0.2997965104169156,15.67811062817099,0.7723113229562248,15.674959092395065,1.566794834390123,18.346392333709133,2147.1888728919325,7.924572317262831,2.9480767580645746,0.012993182216902394,4.483335387127967,0.040881650273622,6.156790300047083,0.14850912122901624,6.084536256443487,0.30836677841140714,4.4293394924113265,0.4424818725336247,7.924572317262831,1299.7348327578627,16.556068422481673,11.002807777304028,0.04963047097222893,12.769727037374142,0.12024257168030289,14.332391097336012,0.350185712205536,13.37395067788062,0.6677704624558312,10.993023508469994,1.0998246887592367,16.556068422481673,5412.7165246431605,24.765688245580293,14.908335723094064,0.06301736145540053,16.40433125033579,0.15426870614344262,19.2658309044964,0.44830563164593173,21.762646884614476,1.080678101367632,20.104298584806394,2.0092767069237474,24.753753761347255,3045.762313519657,72.9,100.0,True
P3,fastball,1272932.521,12.882273342354534,9.898445722543412,0.04303093447938961,9.776855138432664,0.08563669605606292,10.271470715144691,0.2582970409576587,11.296149959483682,0.5693876190912807,10.186445826009953,1.027675539590804,12.882273342354534,2531.9769321880344,9.795323173935891,5.443578326558424,0.02315646254406047,6.94565966406425,0.059143150033022236,8.323641700435838,0.21373038795516675,7.807832797009322,0.39653780315973686,5.8324333896291325,0.5904013816976007,9.795323173935891,1439.1270939299582,23.058425063505503,9.511011738870986,0.04051343422475044,10.946912261741883,0.09452497091778156,17.521834368351243,0.4450772755547235,19.139614706288217,0.9711987606575514,16.86417667557338,1.7058072191258329,23.058425063505503,2617.111175347457,20.703935081964318,15.342024049101838,0.06618739702345008,16.722514802496914,0.14477984608908515,18.595112415580527,0.47202742891282545,19.103982756493004,0.9659254222510175,16.01887921563909,1.6180769212884047,20.703935081964318,3971.1040261179924,75.6,100.0,True
P3,curveball,1393536.261,18.729023383768915,16.115894280587245,0.06850228592370218,15.901120282345996,0.13550137399537845,14.890921160843375,0.34107639793796013,16.33411869550083,0.7836258039760001,13.664195086750524,1.3421298179820733,17.95290251916758,1068.5394156504808,23.442043222003928,17.15414479367398,0.07802895639341458,18.074652671589817,0.16166201570135905,15.934184191714019,0.37772688567409607,13.639887083392443,0.6645524456909121,9.934469697466183,0.9795452248747745,23.442043222003928,,2.4315973087465736,1.6808638406217333,0.006904302762941358,1.9569646535056573,0.016533246829302736,2.0704087944718137,0.051843859428260045,2.0496087430440477,0.10293277392346348,1.8388796386346307,0.18276577927457757,2.401345291479821,550.4047950271,40.85143186829214,33.27003907426123,0.14653124231711678,33.97577295393582,0.29716338969673756,30.825105352557397,0.7188032836120563,29.974005778893275,1.4481782496669122,23.59866478421671,2.3216750428568473,40.85143186829214,,68.9,100.0,True
P3,curveball,1449931.559,18.3172338090011,10.589326664766176,0.04689877888959913,11.568814370005931,0.10193999419377417,13.85311805602295,0.3270160556414783,15.563364355383259,0.7554099556154016,12.964288738537675,1.2748201695469439,18.3172338090011,136287.65850154212,10.513027618551329,9.392290374335149,0.03994274934505403,9.796996141753977,0.08302842894322343,8.050501880731359,0.20290774299850875,6.282420919198618,0.3071623413855319,4.1709726791450485,0.41140649543125185,10.513027618551329,3160.9616653829553,3.7159405691261647,2.397833337288642,0.009744411770000379,2.888048538627385,0.02446153469434868,2.956527305031358,0.06001410329524801,2.741744827185565,0.13238214626431363,2.3949962321237623,0.24018830419130247,3.7159405691261647,687.4194429356534,23.92663841898497,16.789049471533758,0.07566813103808226,19.406794118317286,0.1732470574093844,21.574573038115883,0.5283499785510801,21.857718151404217,1.063958827358504,17.170481863476507,1.6897315345058954,23.92663841898497,53666.8202494972,65.8,100.0,True
P3,curveball,1502822.822,19.281258625448523,17.01263463232308,0.0729329416395218,16.38832251235695,0.14486936887560883,13.221288107516969,0.305463146904693,13.703436576799463,0.662181021869362,11.654339955596713,1.1687907690332262,19.281258625448523,,21.686770428015564,20.059551335139023,0.08399973736492126,19.615378503105607,0.16621318736611204,17.108214708358318,0.42613929830510927,14.913437938005359,0.7449799715915203,10.896625024288157,1.0841168585785863,21.686770428015564,,1.6499133448873484,0.0969703118560956,0.00036360308949076457,0.22161602414232565,0.00148787804139263,0.8947718983884712,0.022699686234325462,0.8974869102355967,0.045403954938694084,0.8881609114585413,0.08896705463630178,1.6499133448873484,398.3812361268343,40.55351051612129,30.10011320720334,0.13265848790912485,32.445031543217354,0.2912288412398699,29.552327260000272,0.6970064532394578,28.165508854178483,1.383211994763255,22.4815482293072,2.267662879599109,40.55351051612129,,67.4,100.0,True
P3,curveball,1562592.86,17.771334792122538,16.25170027746141,0.06930369379626336,15.079136080005838,0.13661086677592357,14.06113213164153,0.3243322663313079,14.674045076999121,0.7283505593258166,11.616137352071267,1.219635355369805,17.771334792122538,,20.79728982300885,19.596943941799093,0.0896632516782654,18.66058205306406,0.16350017606650913,15.117077534794104,0.36170110505756725,13.513632141827085,0.6133691043867372,8.541910616848893,0.8622165917948978,20.79728982300885,,2.220149253731343,0.31084940987989923,0.0013536469306811494,0.7040133167636615,0.005450273182235146,1.475115733944005,0.029459248602679285,1.4856031327497095,0.07105248908166445,1.306783252300577,0.1289797852123615,2.220149253731343,370.6507913212272,38.568624615131384,29.86644449319758,0.13351414273543702,30.521211347127547,0.2866635011446409,28.390820935169934,0.6838998584395454,27.808074246719872,1.3464673998301626,20.11800825825803,2.0986370305177164,38.568624615131384,,69.9,100.0,True
P3,fastball,1631993.817,14.58141447368421,6.647201473382283,0.02783412651762038,7.268508824514884,0.06238715239346746,9.30097711215833,0.22022909054349837,11.261424107442899,0.5689819801743059,11.643995895469518,1.1765223583764883,13.6722025592159,1023.6626298286831,8.17346143858738,5.730463312926749,0.02419650595780162,6.686307068415923,0.057377335422117225,7.075257126156346,0.17921538395378464,5.921872314200037,0.2950723942685323,4.424086894679396,0.44738001198218996,8.17346143858738,1420.9223320448914,22.528981429375353,7.740587723508194,0.0385816375636415,10.112053296574047,0.09737601281434839,15.511341532545604,0.40387271070313285,17.90864053799214,0.9199314688098964,14.986055357116562,1.5121637251375637,22.528981429375353,4588.2297206405465,19.249628029840814,10.154667220884573,0.04268649645871959,12.493579321064312,0.10751949134673772,15.941251389973733,0.38251123732216047,17.045879854662957,0.8632745669462161,16.04946302502246,1.62448945669382,19.249628029840814,2444.5849618735747,68.2,80.0,True
P3,fastball,1691888.717,19.59641638225256,12.056737886444267,0.05302068492290552,12.1323780137655,0.11433573917034198,12.334732659922919,0.29582253621009375,14.87185323423333,0.7263581985755548,15.555667881409503,1.5328166372687022,18.46262341325811,4396.030859708768,6.103580562659847,3.2956361930541225,0.014775054823678293,4.1711733897014005,0.03706095085960063,5.1140536723704875,0.12345675447423618,5.0187983039980475,0.24499942311438855,3.6519452263837415,0.3573251446342285,6.103580562659847,765.2506092314325,16.779771615008155,4.936770074324206,0.019408483662546886,8.581055333943373,0.07458131665166577,12.405900884983744,0.32127531960255773,13.305131001894264,0.6711256959300058,11.020938346485886,1.0638821775012663,16.779771615008155,2510.754424212639,23.79233166213153,13.864905955399232,0.06066930799250498,15.302010763802391,0.1424269412925024,17.06094541883573,0.4101667132020241,19.738455725658206,0.9646908617679554,19.193664558375843,1.8902518626375766,23.469472728326604,5104.129237769463,66.2,80.0,True
P3,fastball,1807311.594,11.504820567755758,6.055623160836987,0.02606447066398527,6.342317823759173,0.054345873345412556,7.539878110384748,0.1897879471197817,9.199296188612262,0.46244295119388934,8.962209813983083,0.9066666894898672,11.330302219844878,1117.490029104632,4.803191489361702,2.642807955094583,0.010970673196439216,3.425776234628556,0.029457332705957726,4.0372324157505455,0.10344480720245143,3.664634517696292,0.18623623108128023,2.774358417725901,0.28272027224032514,4.803191489361702,587.7912426677387,15.932918582634569,3.7960073708144786,0.01509358305163774,5.66298941254332,0.048162237512071444,10.12942213196385,0.2569547684563545,12.137769862451357,0.619601163428519,9.916854888700362,0.9984512778024871,15.932918582634569,1794.7435727879972,14.658709033472132,8.69843111593157,0.03703514386042448,9.76809405838773,0.08380320605137029,11.577110526135291,0.29323275432223306,12.863930706308555,0.6486791822751695,11.736568231708985,1.1893869617301922,14.658709033472132,1647.8942198888076,63.2,80.0,True
P3,fastball,1887738.308,6.400154400411735,4.1106495413068,0.01755930914751312,4.195132589502406,0.03589328135055813,4.503190158448814,0.10840703053515828,5.146704784589575,0.24733945910470553,5.122001698090602,0.5153637873929682,5.726132582544151,521.2311753748147,4.8370914618697745,2.322250691026056,0.010023072631003223,2.671781777341084,0.022825209082704204,3.8637731177305596,0.09438968291553781,3.7171215955654926,0.18391374617945494,2.8659399570085737,0.28730753500181616,4.8370914618697745,724.2845167250623,0.2896990457548324,0.04821239514618455,0.00022624871731323238,0.05786901616373126,0.000527747617347245,0.05007623767883879,0.0011899026072098105,0.04311742781480375,0.0020664855083497267,0.05683853612978618,0.005650372269840183,0.14470789538010267,72353.93971966313,9.957335053351194,6.432900232332855,0.027582381778516334,6.86691436684349,0.058718490433262334,8.366963276179375,0.20279671345069608,8.86382638015507,0.4312532052841604,7.987941655099175,0.8026713223947843,9.957335053351194,1067.6337376767679,64.5,80.0,True
P3,fastball,1972929.847,18.46262341325811,10.705410805728155,0.044588036006256576,9.971802111755132,0.09268246762725595,9.084390681944852,0.19841531676368734,10.348926639726267,0.5147299823598515,8.443117273559636,0.862655314178131,18.46262341325811,,3.8609154929577465,1.4978085351787773,0.006238372549075406,1.7081125876149397,0.013682326668674525,2.701359939546646,0.054307414192478004,2.678536085489655,0.13343977612877186,1.7423294030110599,0.18143912596310824,3.8609154929577465,760.1065005382471,13.659109095758868,3.89460977944093,0.016278216340991518,4.880844194956115,0.030983779768164074,8.624081894096932,0.2154237478651048,10.465498145572091,0.5194572513040031,7.3428553679693405,0.7499580025003723,13.659109095758868,40845.9312888089,20.02490715028233,12.203219340906932,0.05082640855533197,11.679914699370071,0.10636479429593046,11.785750621491498,0.2527227309561653,13.027462725215926,0.6481697584886232,10.185446676570693,1.044094440141239,20.02490715028233,,73.1,100.0,True
P3,fastball,1986024.905,28.35560931357726,15.685489203578385,0.06767825427120572,16.595965559803627,0.14588950226641798,19.706666457724598,0.44360617439231564,23.339155875105543,1.163124104966887,20.6317106532807,2.0550288351013464,28.35560931357726,66205.37435076453,11.53072625698324,4.942592924056124,0.02058834459568929,7.1782277992808705,0.06074959046838506,9.618987685178551,0.22449624906702612,9.016895009943822,0.4477178362122435,6.365768979650206,0.6234701146347085,11.53072625698324,1345.6440823534151,48.64503569110967,24.712441659994887,0.09361817049607149,29.267370149470697,0.2473559793535802,38.05745219178733,0.9033448409478392,38.79063959873676,1.980632603535796,29.636123858578294,2.997526195515642,48.64503569110967,290735.05588098563,37.69339622641509,20.628082127634514,0.08826659886689502,23.7741933590845,0.20663909273480305,29.325654142903147,0.6681024234593417,32.35605088504937,1.6108419411791304,26.997479632930915,2.678498949736055,37.69339622641509,83472.17678429604,76.4,100.0,True
P3,fastball,1995011.384,20.26979136896256,4.9770744994022,0.02143787641736916,4.9770744994022,0.02143787641736916,3.8381582405082897,0.08798826660226879,2.990473726078464,0.15145890673858525,9.96061666274524,0.8468712427423024,5.662317728319263,566.1188950574142,2.4394127892510573,1.1025659063558573,0.005002498849353259,1.1025659063558573,0.005002498849353259,1.035959220622186,0.02750539594694619,0.8997532519467262,0.04834838458283964,1.4705165176426636,0.13969040845182973,1.4977766798418972,445.8406608670832,12.036968576709796,1.5461316978016253,0.006460072165241127,1.6816801827253616,0.014129485156332153,1.9008003621161171,0.0440726050891005,4.1189760942118365,0.20383448157968526,7.163565258493194,0.6983899291552522,6.883720930232558,390.35539792802814,22.090742334787226,6.079640405758056,0.026440375266722417,6.079640405758056,0.026440375266722417,4.874117461130476,0.11549366254921498,3.8902269780251904,0.1998072913214249,11.431133180387901,0.9865616511941322,7.160094408161161,901.8668093364657,72.4,100.0,True
P3,curveball,2018676.3,17.18397383483238,12.938494478768716,0.055638124042195994,11.917076600800964,0.1007675366395209,10.523664351091343,0.26049275494400204,11.27293101340554,0.5578342936667718,12.269232347318988,1.220066651376608,14.657004830917874,4791.034612283537,18.852024070021884,13.603834837439207,0.06208876099536148,13.431668840316632,0.11949344210695653,10.941467263102508,0.28078841654688974,9.308900228418196,0.46380947318721316,8.312333539165673,0.8280278301050488,18.852024070021884,,2.856714178544636,1.0460226958829317,0.004303552818165709,1.2279133007558451,0.010356415087845735,1.306584645956256,0.03332629945515442,1.3613960027185346,0.06709754971728,1.8608450319763499,0.18276533389375,1.5305466237942122,2164.632200545406,33.509028900939754,26.542329316207923,0.11772688503755747,25.348745441117597,0.22026097874647746,21.46513161419385,0.5412811714908918,20.581831241823732,1.0216437668539848,20.581565886484665,2.0480944814816566,33.509028900939754,,66.9,100.0,True
P3,curveball,2026952.225,18.043835616438358,14.478588279711218,0.06811639115941882,13.686062683020516,0.1195389606915032,14.140352337190281,0.32678879946108075,15.816270524223514,0.7763711904258142,13.456221695190171,1.3138100119343707,18.043835616438358,136222.20627449788,12.455719557195572,10.12371576035411,0.04463653757578595,9.949370054290716,0.08464316318244315,7.964346110593825,0.20270530043548576,6.1388375008926905,0.2903525534347747,4.218633534762427,0.39361149830532804,12.455719557195572,,3.315512048192771,1.6142434762914692,0.006710969255040719,2.4342222454380615,0.019688514115171262,2.5541801813072826,0.05999962573858108,2.460414996176807,0.11859259912634251,2.3113272512605803,0.22441612502812397,3.315512048192771,431.75976608826943,29.45980341235484,22.331883949534323,0.11313883387156243,22.150876961301126,0.204568029010304,21.805602998506608,0.5187524363175116,21.759077175013804,1.0671096489969465,17.608676102108173,1.707807415376056,29.45980341235484,,68.4,100.0,True
P3,curveball,2035847.301,25.06110793832096,16.765382587920552,0.0725070635851449,19.020302510469115,0.17130161395364396,15.786823647319677,0.3995883624337326,16.81309454942083,0.8442276328359378,14.492497884641555,1.4003352292152633,25.06110793832096,,27.905090595340813,20.620456227487455,0.09022835022994367,22.7275836411484,0.23821243286473393,21.07151508041962,0.5395187512536798,18.401691829103154,0.9295502280033003,13.573937661825413,1.3323426214759435,27.905090595340813,,1.8294073890404166,0.6430290911131655,0.002253173935232984,1.2233217458815573,0.011451349216513128,1.2663900260045542,0.03034998335497042,1.1829471974175083,0.05753000780729799,1.0598724172844662,0.10367143156762984,1.8294073890404166,313.3051364803556,52.96619853366177,28.315194194591683,0.1180104226875532,36.95337254199356,0.328990361949191,35.611519070251966,0.9132527787805226,34.65559675998919,1.7533663840167086,27.983799957712066,2.710623122160675,52.96619853366177,,70.6,100.0,True
P3,curveball,2047282.452,20.771929824561404,15.15467938332025,0.06387688584522141,15.070953840896582,0.1342920190234719,13.86923672463668,0.3240079771918899,11.766570416743107,0.5594803298986091,8.513604739649423,0.69944422605223,20.771929824561404,,25.750142126208072,17.16094702335138,0.07358685523644413,19.293498190523263,0.17179327689947121,16.410327172007285,0.39223353172114706,11.50171687221234,0.5467609679536849,7.605287886902827,0.619924064967607,25.750142126208072,,2.0695652173913044,0.4474806127520472,0.0017907595089634754,0.8630392234208045,0.006876258285591937,1.3497106579343339,0.03205043467663338,1.0694029964898948,0.051934452234591456,0.8453574817154084,0.06608888182378102,2.0695652173913044,269.45693792745925,46.52207195076947,32.31562640667163,0.13746374108166554,34.364452031419845,0.3060852959229431,30.279563896643968,0.7162415089130372,23.268287288955445,1.1062412978522942,16.11889262655225,1.319368291019837,46.52207195076947,,64.9,100.0,True
P3,fastball,2069775.284,12.704054054054055,1.7096854099578895,0.007134517215671475,1.7216487088092234,0.014352269499720178,2.9491621312884884,0.07156354460758795,6.126547690487253,0.290592682491821,7.167435085344622,0.7322769011292872,10.567934060090401,6736.549440782418,1.4655470486539885,0.41083320313596555,0.0017143540008718212,0.3918172153678892,0.003261175279329405,0.5184833763142336,0.012607974769166454,0.8419636771973669,0.039882896646787035,0.8896975121184787,0.08989150249811399,1.3046373951652688,76.86812931167456,12.503177966101696,1.928273527181232,0.008059652934294259,1.9554800703540323,0.016339547634552823,3.1968453197743067,0.078021264210118,6.07190675937226,0.2878912066785123,7.639342715521589,0.7767413065862852,9.787034626399375,5730.420532416092,14.169601102708043,2.1205186130938554,0.008848871216543297,2.1134659241771128,0.017613444779049588,3.467645507602721,0.08417151937675439,6.96851136768462,0.3304755791386079,8.0571325974631,0.8221684036274013,11.87257145525567,6736.549440782418,58.9,60.0,True
P3,fastball,2082757.201,16.287340366463077,11.372662998593135,0.0473028393169903,11.455001395398805,0.10046898960320653,11.560628885436396,0.2793540653994656,13.519474519396024,0.6613333356473748,11.921323664693771,1.1955873870694764,15.726292507602986,2103.9433420697446,6.972972972972973,2.727425246048614,0.011593925902167963,3.7767740542350907,0.03214728194332735,5.54514491591084,0.13894443300666426,5.565550400398333,0.2785298509168748,3.837756829276755,0.39508301106590854,6.972972972972973,963.9431328408251,27.060658578856152,12.787199209241932,0.054705953243660274,15.776609926097645,0.16798348453132808,21.099437195867868,0.5253550990253172,21.560190974121937,1.096464241227266,16.306694617307304,1.6200914438965939,27.060658578856152,3488.233763504113,22.022671343096604,14.100088244641748,0.05889676521915827,15.231775449633895,0.1326162715465339,17.10577380134724,0.4182984984061299,19.085024919794357,0.9398631865642496,15.759080493970528,1.5906703981353854,22.022671343096604,2855.788860122853,60.4,60.0,True
P3,fastball,2091367.578,10.533492822966506,,,3.380656012243578,0.02999788177292559,4.999845555884664,0.1100396756755001,7.421896551695162,0.3436388257389306,6.469489849727214,0.6216306193479492,9.848492860920148,313.0429561625538,1.3367875647668395,,,0.8004910019340673,0.007166985713817029,1.035545870395239,0.023483617398045865,1.0759484279420526,0.051728884398081,0.6369792904656546,0.06264839050406397,1.3367875647668395,61.38867207022668,6.488911547285241,,,1.673372562417165,0.01462074482138982,2.722292961587973,0.05948255304021196,4.157099773357356,0.1907346089934129,4.607573806153811,0.4427547213409777,5.549531289587028,216.6897399815087,11.549490853978075,,,4.181147014177645,0.037164867486742616,6.0353914262799035,0.13352329307354596,8.497844979637213,0.39536771013701155,7.10646914019287,0.6842790098520133,10.896498769339646,374.4316282327805,57.8,60.0,True
P3,fastball,2102403.72,17.19480156512018,10.240733978771194,0.04357051168508159,11.551347380773892,0.10288289559401785,12.647894567066722,0.32118882154584616,14.490590360819624,0.703436173805606,13.62808327634105,1.3555160688803314,17.19480156512018,3285.265662455831,12.282428456806633,5.086431962504057,0.02122669852889898,7.31639744379388,0.062235717589416026,10.135608489078036,0.2609791053082062,9.717352508947705,0.474999408315956,7.602978515130597,0.7498735414140318,12.282428456806633,1469.4113659685238,32.69767441860465,12.811539302397035,0.05470655254291981,14.642687171156988,0.12549170221038783,23.565551456354296,0.5471427564923729,26.6427593558593,1.2971888063277128,23.20891871918931,2.362424680382031,32.69767441860465,3497.695989054338,26.880808391058746,15.327165941275249,0.06479721021398056,18.867744824567772,0.1651186131834339,22.783503056144756,0.5821679268540524,24.207942869767333,1.1784355821215622,21.231061791471646,2.1053896102943632,26.880808391058746,4754.677028424354,59.7,60.0,True
P2,fastball,3642519.661,24.917601890135852,19.679378636402024,0.08257718749983685,19.826981819542162,0.1597749108735916,17.603462376676685,0.4298031414404486,20.14742003040462,0.9985956379676337,20.11399655464486,2.0155955322318664,23.737258347978912,1391510.5864945152,13.81021897810219,9.86666857993371,0.042924513119759665,10.432862776120468,0.0884290658049355,12.019105314222573,0.2927142936268185,10.984543971666872,0.5380956965150054,8.447723234862615,0.8410357569160765,13.81021897810219,495585.7483904515,34.8235294117647,15.62912567754472,0.07769035353120941,18.634136137221414,0.16738453586830146,25.47822910248821,0.6654415243442309,29.175373590944492,1.4846270667853083,27.07009751452631,2.7349460559458567,34.8235294117647,8311911.585943026,33.220768066378355,29.546047216335737,0.1255017006195965,30.259844595662624,0.2482039766785271,29.62256769089926,0.7225174350672671,31.131964002071488,1.5366913344826394,28.561719789507475,2.8566312891479426,33.068418780054756,1887096.3348849665,80.8,100.0,True
P2,fastball,3692695.002,25.045226130653266,13.035201560130403,0.06764283105954223,12.678051080720163,0.11671502868740506,14.09424534977858,0.3569760300858724,18.554720488126524,0.9440620601862088,19.244277334154066,1.9500373409500322,23.988556338028168,4561.920955314541,16.16488046166529,14.957866371980789,0.07285612692931798,14.740586135242962,0.13197615185513195,15.108767633260348,0.3726344341666821,15.047499163799998,0.7545981414627638,10.565900758733356,1.0606010886874089,16.16488046166529,428966.87620393356,21.527272727272727,15.899179718395798,0.06735728519778574,16.38990203017616,0.10437507889805292,19.011473796009902,0.44207398131501985,19.312220231612212,0.9330500301492907,16.052755309139332,1.600682240384091,21.527272727272727,36327.70466937037,39.55752185526955,25.342634839894682,0.12813632944227657,25.519920867930345,0.23693705610167765,28.044451531340243,0.7141314571206974,33.11224224678997,1.6885541287740475,29.796399356527697,3.0246640006169665,39.55752185526955,11830.761136371615,82.4,100.0,True
P2,curveball,3755888.683,20.67798497077651,17.17184110169061,0.07208552446745037,17.36710645605985,0.10915076185800686,14.145839700826263,0.3499694094258178,16.063252355672606,0.7894603553433953,15.778216808776353,1.5010828840956159,18.591533809785595,957.3917629892742,34.059435364041605,29.253991623858536,0.12632117989139585,30.229313593670298,0.19632530541326032,24.077518399199754,0.6141776853183658,20.8900635911864,1.0647012489292267,15.885591111044596,1.5382264844421054,34.059435364041605,,0.9667651403249631,0.08724814311765026,0.00036357262428988183,0.08724814311765026,0.00036357262428988183,0.5261896368806793,0.01193889367474655,0.6678095939244203,0.031716342484508775,0.7292990224163665,0.0681745651740799,0.9667651403249631,154.93444655116943,51.694854877569895,46.42583272554915,0.1984067043588462,47.596420049730156,0.3054760672712672,38.22335810002601,0.9641470947441835,36.95331594685901,1.854161604272622,31.66380791982095,3.039309368537722,51.694854877569895,,68.9,100.0,True
P2,curveball,3811044.813,14.134831460674157,11.803490090942951,0.04884096394510972,10.5482698964441,0.08626686552597435,10.596240215115447,0.23774397257150517,11.958414560257356,0.5878063402591317,9.583545416392003,0.963181152951453,14.134831460674157,,25.43898978433598,20.46495666019565,0.0841970884136108,18.665539866107572,0.15111892982173009,17.77513517811249,0.40151701094137693,17.17320590933784,0.8423259133221687,12.618478851812588,1.257626909299108,25.43898978433598,,1.4709517923362176,0.41843862911919016,0.0016722090109842448,0.6200619619940713,0.0052605134860185,1.0203260017906817,0.026180037559719226,1.00528363974504,0.05031678939910238,1.0855855642888772,0.1098537963432417,1.4709517923362176,182.9248535725237,39.57382124501014,32.268446751138605,0.13303805235872054,29.21380976255167,0.23738579534770446,28.371375393227943,0.6392609835128821,29.131620469595195,1.4301322535813001,22.202024268204593,2.2208080622505606,39.57382124501014,,69.1,100.0,True
P2,curveball,4061123.54,16.600760456273765,13.565943184881254,0.06214004066543015,12.464260072094229,0.10597997078253908,12.49431014008524,0.30149176979927533,14.03302311444109,0.6901474139404433,11.888238998710682,1.1744926164550367,15.667296786389414,1038.497669494776,28.011510791366906,20.32874118676548,0.09535108742352597,19.288529151482102,0.168695525313075,17.074580407793754,0.42174634911541004,15.237882122512927,0.7549917279093116,11.329934736180139,1.1174512250711315,28.011510791366906,,3.963663890991673,2.054843011321224,0.004280237992788791,2.6262368055951737,0.019738208287117195,3.0478929441169123,0.07516009058139028,2.809254635137103,0.13966662355569026,2.7515313331039586,0.27448572695306434,3.963663890991673,735.5096409846949,42.66851562228478,33.89468437164674,0.15749112808895613,31.752789223576332,0.27467549609561404,29.568890547878993,0.7232381189146855,29.270905236954015,1.4451391418497548,23.218173734890822,2.291943841526168,42.66851562228478,,70.4,100.0,True
P2,curveball,4154771.068,15.314470493128537,12.29873457571452,0.05914187330500431,11.840808615691044,0.10445110907915676,11.789703940846987,0.2919138835733462,13.037383348912643,0.6361240301844399,11.184467417178894,1.1096896030895524,15.05084745762712,2723.73637116869,28.224719101123597,21.903775201873387,0.09697546642135818,21.128233767637443,0.1770383485051047,20.17059657595521,0.48933489453881907,19.228010931846356,0.9363677140631372,15.195908601437205,1.4878456978840768,28.224719101123597,,1.5603661553686294,0.632506765837025,0.004069788468301285,0.7177940997359825,0.00642237811996681,1.068593083034792,0.03158440561971219,1.1110072465066692,0.05940258643450502,1.1176118105846307,0.11716721472886517,1.5603661553686294,87671.20782667064,42.14296649626119,30.4125085623261,0.13496972907880178,30.275709304993114,0.2614024805913943,30.51747259641186,0.7615634456085777,31.6319153020792,1.5561666909815786,26.282332894355072,2.6060993571013213,42.14296649626119,,71.0,100.0,True
P2,curveball,4212221.327,22.145985401459853,13.635351803539296,0.05824871081995141,13.428425183581767,0.13295169508744645,14.566386231527623,0.3505207786714909,17.97529542864566,0.8663461850767323,15.761974040714472,1.5517766951964287,21.669652855543113,2228.871350437923,19.28598848368522,15.282783336161032,0.058075202974763186,13.848622909923895,0.1324001829858736,11.92165548565687,0.2747535806299485,9.341930269459901,0.4509186893185197,6.773026374433243,0.6555268240066735,19.28598848368522,,1.8893574795336145,0.22566704143685426,0.0006573223881499813,0.7338640130478458,0.008342778275006162,1.165430469534906,0.03282852609498798,1.335063701960773,0.06994104719134253,1.4505858755634558,0.1504520172992825,1.8893574795336145,116751.95649781667,34.29298149067823,25.824254121896995,0.11643715245384285,25.66974312666756,0.2612115003687271,25.8301720649427,0.62817381192946,27.100775894327708,1.3251099916612081,22.501560802019597,2.222869231679911,34.29298149067823,,70.6,100.0,True
P2,curveball,4258056.616,18.454270804723976,15.25700107725631,0.07626434315205285,15.189471829546983,0.10779871913557039,14.425090129236137,0.33047567128436844,15.850473435075882,0.8040056180899978,13.483645631075756,1.3647524509122426,17.59016393442623,646983.9656272418,16.76081081081081,12.354781828393508,0.05607411584185189,12.76345111341473,0.1324613576649057,11.324905383044287,0.2620933072912776,9.09898994329585,0.4535121480712405,6.3632705553862925,0.6374228200395384,16.76081081081081,,4.7442864398171665,4.252307862524065,0.016701855676446213,4.150975365543004,0.03376986138788497,3.5787100330721224,0.08827287583458868,3.215763789820967,0.15614431671447704,2.8170926994610728,0.28141887227879314,4.7442864398171665,1634.1187973033366,33.630234096991444,24.715725485361258,0.1343856075265622,25.400136820685432,0.1939245874551126,24.93812218644927,0.5946161271083035,24.61632586652947,1.2595649146938956,19.7327790760917,2.0042224194844382,33.630234096991444,,64.9,100.0,True
P2,fastball,4387242.193,25.343898104265403,13.325314714789341,0.055251445182779566,15.239326114414032,0.12969791528702337,19.06946091972135,0.4858615443121265,21.72300048986017,1.100331311130014,19.43306369613098,1.9876613564582024,25.343898104265403,2333.1479485740856,11.53072625698324,11.133877314586238,0.046419653406822185,10.556286844364228,0.09268819444534225,9.3571853522421,0.23146710254521163,7.837978868355256,0.38804056994254926,5.701791259962096,0.5749853227165433,11.53072625698324,,20.631051752921536,6.482095466725967,0.02943443048456382,8.652637604504978,0.08124471214540498,13.799791475703602,0.36165674141646953,16.450076033065997,0.8472501213195979,14.317802699388142,1.4388967274280438,20.631051752921536,5175.34869494552,32.281880605552075,24.459192029375576,0.10167109858960176,25.795612958778253,0.22238610973236558,28.426646271963445,0.7173286468573382,29.560979358215427,1.4883718810725637,25.13485495609308,2.562646679174746,32.281880605552075,1006.9457112098858,79.8,100.0,True
P2,fastball,4442955.048,25.258436944937834,17.138909694974576,0.07196866292863015,15.690404816130178,0.12797222794069005,15.651277552427514,0.3410338054595439,20.013422454472973,0.9693069587920591,18.121764959158618,1.784923779074667,25.21574430304824,3355.7587665148208,19.21969696969697,15.655627265077037,0.06592424045531256,14.387066032304665,0.11579531802324385,14.039077073610713,0.3296964938403607,14.310311426045768,0.6942957431940018,11.325991830926776,1.1092050332499725,19.21969696969697,,33.455089820359284,17.44118515851199,0.07416916361302409,18.379883843758364,0.11754316661819414,24.268567465643752,0.5957830537969331,28.860346004742087,1.412521424503143,26.861012123232637,2.6730860703886723,33.455089820359284,5526.911948234244,39.728018693987266,29.83375998884116,0.1253549272340352,28.191976484056323,0.23590179518876123,28.44568556625999,0.634047471307701,33.75715641782762,1.6513094830375386,29.377267683591345,2.901958651179215,39.607438114123156,115262.17625961377,72.1,80.0,True
P2,fastball,4454953.645,19.872898261612995,10.005311353363467,0.04264345535573847,9.996744213790038,0.08607561799268723,11.538838793655998,0.2674708207792226,14.672119333412798,0.7417111198276864,13.692700109599636,1.4243670777578707,19.203346568349403,96096.53240307633,11.306772908366534,8.508999658247838,0.03445457878514341,8.318573688212757,0.06668875906973355,9.549877503088435,0.2188775944036913,9.790079123863372,0.4754729044344403,6.961447661940095,0.7104461062830788,11.306772908366534,208058.95119055922,9.459080280592362,2.607649881797005,0.010711997125947711,4.082394221642594,0.03401060359028436,6.897373504437531,0.16133503582977338,7.262208788510751,0.37999024924475727,4.846986621404218,0.5156596071673799,9.459080280592362,12070.78264966723,29.38026711419827,18.514311011611305,0.07709803414088189,18.315317902002793,0.1527643770624208,21.088716296744433,0.48634841518291394,24.46219845727617,1.217184024262127,20.654147771539733,2.1348131840409494,29.291024293467885,304155.483593636,70.6,80.0,True
P2,fastball,4467362.721,32.149193548387096,18.44623947573995,0.03840507057873268,20.697332712339595,0.21360888534516134,19.89135411394624,0.48726060112391795,24.197415294648696,1.1922581651926714,23.04925466346802,2.314986501043572,29.117021276595743,13619.492218779444,15.529411764705882,7.638124524041283,0.01590257525501345,11.235009008990234,0.11251775552308813,13.101474352510827,0.3246902248579411,12.073491708992762,0.6153894301270482,8.902794360577419,0.910706556029511,15.529411764705882,2918.321594375485,46.001280409731116,14.778270941540262,0.06294157078223174,18.931420558483133,0.16335047643386705,27.88237290577813,0.697500960444154,36.722536149591065,1.775341413303464,30.43601942497311,3.0541913442402486,46.001280409731116,4515.560661403592,40.798114429598584,26.084363999781235,0.05430764583374613,31.932341721329827,0.32612664086824944,32.99282846645706,0.811950825981859,36.27090700364146,1.8076475953197193,31.95204902404544,3.225693057073083,39.83006015519929,6873.330900136347,72.8,80.0,True
P2,fastball,4477967.451,29.704607873054623,13.046402910862637,0.05556246190840085,13.02256086376641,0.11396386678443854,14.547098395707708,0.35348918744202495,19.95195407754075,1.014825236673755,21.774624880692762,2.21066383124897,26.85603112840467,946236.9260222212,17.25,14.640233915364547,0.06689203320677749,14.7921280200016,0.13008456164875148,15.509378108471184,0.3808524799498523,15.87852389606715,0.7966482204816836,11.115353101254486,1.1530473492657887,17.25,75660.90554059355,23.494057724957557,10.62214527685446,0.03475565934460154,15.477464013234115,0.14780266352652938,19.26086360077054,0.4162361682065577,20.424533937615582,1.0214468905241523,16.796617547886594,1.7190447500366977,23.494057724957557,337298.2476546324,44.75443249721201,24.07567600401562,0.10257340098293402,25.472927521463987,0.22497727185875965,28.813422214267568,0.7113175275638466,35.271071037281864,1.7928174259265934,32.87132144111613,3.372364507851754,43.50119241872725,383122.27976603305,71.1,80.0,True
P2,fastball,4500408.808,25.944973230220107,15.163901305230175,0.06401721582176441,15.353363011534885,0.13099769889533544,14.9304591446118,0.3700503761164412,19.280760972682923,0.9637537514321279,20.125704796976063,2.017936009757436,24.832644628099175,1473.0174935008831,14.080985915492958,11.613387329351516,0.04864147766819557,12.277231042521404,0.10532593015267935,11.757943320957596,0.2958088787826198,11.74778475788287,0.5913873821575225,8.31266206908739,0.8115615093595536,14.080985915492958,,25.65616045845272,7.033688571128331,0.029450327313376348,9.383416188497533,0.08162869775141102,16.99520548921913,0.4312464418873242,20.165145044286383,1.0254830955322527,17.984966809097322,1.8003738514330796,25.65616045845272,2179.04341887866,36.773406028615085,26.77728863458169,0.11265869348995997,27.630594054056285,0.2363236290480148,26.6884024655694,0.6658592548990611,31.028545730565796,1.5551411335896506,28.438366866063458,2.8294975191169898,36.55054553379976,2936.7937848183474,63.5,60.0,True
P2,fastball,4508751.375,22.165990730011586,11.7461510815825,0.04519918936464244,13.2923173655497,0.10696539768638107,13.978201261129158,0.34102404332995545,17.497075971349293,0.8637829367050398,17.30078767961857,1.7311072195222872,21.070422535211268,1885.0439371000753,7.960072595281306,3.3181123073158796,0.012768096159317883,4.247644583571244,0.03317834122814902,6.364399155398906,0.15494986334925426,6.094505796670383,0.30286548710546357,4.448592944602854,0.44954062423982044,7.960072595281306,605.4008664331533,14.52614641995173,5.819525298637803,0.022531235658473463,8.689440229121335,0.07482490468509267,12.020896078265642,0.30929757826820037,11.820102059863203,0.592682386508212,8.815932920322227,0.9010780539424174,14.52614641995173,3576.678858048886,27.58202126436273,15.06426338889838,0.05796728552396033,17.539961949120944,0.14014373891453008,20.342600416528057,0.49597390667920965,23.591581768019676,1.1666484238105035,21.74938062422143,2.180647843762107,27.122464148123676,2004.4713265503144,61.5,60.0,True
P2,fastball,4518017.469,18.423857868020306,9.490391293915296,0.04206920074385144,9.511504106585296,0.08365346821620318,10.731412610504902,0.24419306237758337,14.190502869291254,0.6749650018374699,12.693318935246554,1.2486862610763922,18.423857868020306,14693.280645398158,4.871008616320324,1.9764423935350528,0.008389899002721399,2.764282222494929,0.023169178835131907,3.9201445798171983,0.09095456750079137,3.765549406231912,0.18289174523335877,2.7065912397817566,0.2645981974885703,4.871008616320324,525.7218104073196,9.254800207576544,3.3776810779102004,0.014266699720600235,5.191253219131461,0.04194345870417827,7.139257154637331,0.16904508002828625,7.187171825568392,0.3478812736802725,5.755424792439128,0.5501924957966254,9.254800207576544,12633.998162828166,21.975434344955495,11.466833687450348,0.05045909974657283,12.275786329080223,0.10682264705133508,14.651557190322105,0.3351476298783748,17.95605227552317,0.8578567470708286,15.39991017502831,1.5132844585649625,21.975434344955495,11532.4844299097,63.0,60.0,True
P2,fastball,4528179.157,21.150992234685074,14.617010639986239,0.06261573235215614,13.57654729840534,0.11678118610654271,12.75965910248448,0.3013804590994633,16.167641158763082,0.761065511632962,16.466248450983127,1.6220135714059023,19.046742209631727,4342.120360972802,11.53072625698324,6.3476271097613415,0.027255490167599802,7.149297608851853,0.06174393991763025,8.51316811726171,0.213805391548782,9.593717100101122,0.47843350141315344,7.2657340677844715,0.7433760107625388,11.53072625698324,1579.618752112632,30.305383936451896,17.02466630062033,0.07276470827467248,17.02466630062033,0.07276470827467248,23.857600831038205,0.5660109380882712,25.529179323427627,1.2682530796589637,20.61956173878095,2.064109619815821,30.305383936451896,4806.217700448034,30.111728530084804,20.96463774974758,0.08987122251975595,20.72584490725719,0.178525126024173,21.27282721974619,0.5151858506482454,25.761358258864206,1.2394990130461154,23.731982518767595,2.3653895821684414,29.87072315192924,3539.963597017944,61.9,60.0,True
